<?xml version="1.0" encoding="UTF-8"?>
<Window size="278,344" caption="0,0,0,30">
	<VBox bkcolor="white">
		<Box width="stretch" height="58">
			<Button class="invite_close_btn" name="btn_close" float="true" halign="right" margin="0,6,6,0"/>
	    	<Label class="screenshare_watermark_title_label" name="label_title" textid="screen_watermark_title_a"/>
		</Box>
		<Control name="icon_placeholder" width="auto" height="auto" bkimage="screenshare_watermark_placeholder.png"/>
		<Button class="popover_btn_ok screenshare_watermark_button" name="btn_ok" textid="screen_watermark_button_yes"/>
		<Button class="popover_btn_cancel screenshare_watermark_button" name="btn_cancle" textid="screen_watermark_button_no"/>
	</VBox>
</Window>