<?xml version="1.0" encoding="UTF-8"?>
<Window size="768,584" caption="0,0,0,104" shadowcorner="10,10,10,10">
	<VBox bkcolor="white">
		<VBox width="stretch" height="104" padding="32,20,32,0">
			<Label halign="center" textid="screen_sharing_select" font="system_bold_14"/>
			<HListBox name="options" childmargin="4">
				<ScreenShareOption class="screenshare_option" name="option_all" selected="true" normalimage="file='option_all.svg'" selectednormalimage="file='option_all.svg'"/>
			</HListBox>
		</VBox>
		<TileListBox class="list screenshare_list" name="tilebox" width="stretch" height="stretch" itemsize="166,166" columns="4"/>
		<HBox width="stretch" height="64" padding="32,0,32,0">
			<CheckBox class="screenshare_checkbox" name="chk_watermark" width="auto" height="auto" textid="add_watermark"/>
			<CheckBox class="screenshare_checkbox" name="chk_share_audio" width="auto" height="auto" textid="share_audio_checkbox" tooltiptextid="CUSTO_SHARE_SYSTEM_AUDIO_TOOLTIPS" margin="20,0,0,0"/>
      <Label class="setting_beta" textid="beta_info" font="caption" margin="0,0,0,0"/>
      <Control />
			<!--<Label font="system_bold_14" normaltextcolor="high_emphasis_text" textid="share_screen_selected" width="auto" height="auto" valign="center"/>
			<Label name="label_selected_title" margin="4,0,10,0" font="system_14" normaltextcolor="control_theme_color"  width="stretch" height="auto" valign="center" endellipsis="true" />-->
			<Button class="btn_normal_94x34" name="closebtn" width="166" textid="cancel_button" margin="10,0,16,0"/>
			<Button class="btn_apply_94x34" name="share" width="166" textid="sharing_button" enabled="false"/>
		</HBox>
	</VBox>
</Window>