<?xml version="1.0" encoding="UTF-8"?>
<Global>
	<!--所有字体-->
	<Font id="system_10" name="system" size="10"/>
	<Font id="system_8" name="system" size="8"/>
	<Font id="system_9_600" name="system" size="8" weight="600"/>
	<Font id="system_12" name="system" size="12" default="true"/>
	<Font id="system_12_400" name="system" size="12" weight="400"/>
	<Font id="system_12_600" name="system" size="12" weight="500"/>
	<Font id="system_14" name="system" size="14"/>
	<Font id="system_13_600" name="system" size="13" weight="600"/>
	<Font id="system_16" name="system" size="16"/>
	<Font id="system_18" name="system" size="18"/>
	<Font id="system_20" name="system" size="20"/>
	<Font id="system_22" name="system" size="22"/>
	<Font id="system_bold_8" name="system" size="8" bold="true" weight="500"/>
	<Font id="system_bold_8_600" name="system" size="8" bold="true" weight="600"/>
	<Font id="system_bold_10_500" name="system" size="10" bold="true" weight="500"/>
	<Font id="system_bold_10" name="system" size="10" bold="true"/>
	<Font id="system_bold_10_600" name="system" size="10" bold="true" weight="600"/>
	<Font id="system_bold_12" name="system" size="12" bold="true"/>
	<Font id="system_bold_12_400" name="system" size="12" bold="true" weight="400"/>
	<Font id="system_bold_12_500" name="system" size="12" bold="true" weight="500"/>
	<Font id="system_bold_12_600" name="system" size="12" bold="true" weight="600"/>
	<Font id="system_bold_14" name="system" size="14" bold="true"/>
	<Font id="system_bold_14_500" name="system" size="14" bold="true" weight="500"/>
	<Font id="system_bold_14_600" name="system" size="14" bold="true" weight="600"/>
	<Font id="system_bold_16" name="system" size="16" bold="true"/>
	<Font id="system_bold_18" name="system" size="18" bold="true"/>
	<Font id="system_bold_18_600" name="system" size="18" bold="true" weight="600"/>
	<Font id="system_bold_20" name="system" size="20" bold="true"/>
	<Font id="system_bold_20_600" name="system" size="20" bold="true" weight="600"/>
	<Font id="system_bold_22" name="system" size="22" bold="true"/>
	<Font id="system_underline_12" name="system" size="12" underline="true"/>
	<Font id="system_underline_14" name="system" size="14" underline="true"/>
	<Font id="system_underline_16" name="system" size="16" underline="true"/>
	<Font id="system_underline_18" name="system" size="18" underline="true"/>
	<Font id="system_underline_20" name="system" size="20" underline="true"/>
	<Font id="system_underline_22" name="system" size="22" underline="true"/>

	<!--一些常规固定颜色-->
	<TextColor name="white" value="#ffffffff"/>
	<TextColor name="black" value="#ff000000"/>
	<TextColor name="darkcolor" value="#ff333333"/>
	<TextColor name="lightcolor" value="#ff888888"/>
	<TextColor name="gray" value="#ff8e99a6"/>
	<TextColor name="light_gray" value="#ffa8a8a8"/>
	<TextColor name="dark_gray" value="#ff72797f"/>
	<TextColor name="green" value="#ff00bb96"/>
	<TextColor name="light_green" value="#ff21c7a6"/>
	<TextColor name="blue" value="#ff006DD9"/>
	<TextColor name="red" value="#ffC63535"/>
	<TextColor name="purple" value="#ff8b62ff"/>
	<!--文字色值，不带透明层-->
	<TextColor name="textdefaultcolor" value="#ff333333"/>
	<TextColor name="textdefaultdisablecolor" value="#ffa1aebc"/>
	<!--窗口常用背景色-->
	<TextColor name="bk_main_wnd_title" value="#ff238efa"/>
	<TextColor name="bk_main_wnd_search" value="#ff1e7ad7"/>
	<TextColor name="bk_wnd_darkcolor" value="#fff0f2f5"/>
	<TextColor name="bk_wnd_lightcolor" value="#ffffffff"/>
	<TextColor name="bk_menuitem_hovered" value="#ffe1e6eb"/>
	<TextColor name="bk_menuitem_selected" value="#ffced4db"/>
	<TextColor name="bk_listitem_hovered" value="#fff0f2f5"/>
	<TextColor name="bk_listitem_selected" value="#ffe4e7eb"/>
	<!--置顶项的背景颜色-->
	<TextColor name="bk_topitem_normal" value="#ffffffe0"/>
	<TextColor name="bk_topitem_hovered" value="#ffffffeb"/>
	<TextColor name="bk_topitem_selected" value="#fffafacd"/>
	<!--进度条专用-->
	<TextColor name="bk_progress_bk" value="#ffe3ecf5"/>
	<TextColor name="bk_progress_progress" value="#ff2aceae"/>
	<!--背景色值，半透明-->
	<TextColor name="transbkblack" value="#80000000"/>
	<!--第一级分割线，较深-->
	<TextColor name="splitline_level1" value="#ffd2d4d6"/>
	<!--第二级分割线，较浅-->
	<TextColor name="splitline_level2" value="#ffebedf0"/>
	<TextColor name="splitline_level3" value="#ffe5e6eb"/>
	<!--调色板色值-->
	<TextColor name="color_palette1" value="#ffff2600"/>
	<TextColor name="color_palette2" value="#ffffeb00"/>
	<TextColor name="color_palette3" value="#ff61ed00"/>
	<TextColor name="color_palette4" value="#ff00b4ff"/>
	<TextColor name="color_palette5" value="#ffa100ff"/>
	<TextColor name="color_palette6" value="#ff000000"/>
	<TextColor name="color_palette7" value="#ff545454"/>
	<TextColor name="color_palette8" value="#ffa8a8a8"/>
	<TextColor name="color_palette9" value="#ffffffff"/>
	<!--duilib控件相关颜色-->
	<TextColor name="grid_line" value="#ffcccccc"/>
	<TextColor name="grid_sel_fore" value="#ff20b0fb"/>
	<!--字体大小-->
	<Class name="font_title" font="system_14"/>
	<!--标题栏-->
	<Class name="caption" height="34" bkimage="file='../public/caption/caption_public.png' corner='0,0,0,1'" padding="10,0,5,0" />
	<!--滚动条-->
	<Class name="vscrollbar" width="8" fadealpha="true" thumbnormalimage="file='../public/vscrollbar/thumb_normal.png' corner='0,8,0,8'" thumbhotimage="file='../public/vscrollbar/thumb_hovered.png' corner='0,8,0,8'" bkhotimage="file='../public/vscrollbar/bk_hovered.png' corner='0,4,0,4'" showbutton1="false" showbutton2="false" />
	<Class name="hscrollbar" height="8" fadealpha="true" thumbnormalimage="file='../public/hscrollbar/thumb_normal.png' corner='8,0,8,0'" thumbhotimage="file='../public/hscrollbar/thumb_hovered.png' corner='8,0,8,0'" bkhotimage="file='../public/hscrollbar/bk_hovered.png' corner='4,0,4,0'" showbutton1="false" showbutton2="false"/>
	<!--单选框-->
	<Class name="option" selectednormalimage="../public/option/selected.png" selectedhotimage="../public/option/selectedhover.png" selectedpushedimage="../public/option/selectedhover.png"/>
	<Class name="circle_option" normalimage="../public/option/circle_unselected.png" disabledimage="../public/option/circle_unselected_disabled.png"/>
	<Class name="circle_option_2" height="18" textpadding="25,0,0,0" font="system_12" normaltextcolor="darkcolor" normalimage="file='../public/option/circle_unselected.png' dest='0,0,18,18'" selectednormalimage="file='../public/option/circle_selected.png' dest='0,0,18,18'"/>
	<!--复选框-->
	<Class name="checkbox_font12" height="16" textpadding="20,0,0,0" font="system_12" normaltextcolor="darkcolor" normalimage="file='../public/CheckBox/check_no.png' dest='0,0,16,16'" disabledimage="file='../public/CheckBox/check_no.png' dest='0,0,16,16' fade='80'" selectednormalimage="file='../public/CheckBox/check_yes.png' dest='0,0,16,16'" selecteddisabledimage="file='../public/CheckBox/check_yes.png' dest='0,0,16,16' fade='80'"/>
	<Class name="checkbox_font14" height="20" textpadding="20,0,0,0" font="system_14" normaltextcolor="darkcolor" normalimage="file='../public/CheckBox/check_no.png' dest='0,2,16,18'" disabledimage="file='../public/CheckBox/check_no.png' dest='0,2,16,18' fade='80'" selectednormalimage="file='../public/CheckBox/check_yes.png' dest='0,2,16,18'" selecteddisabledimage="file='../public/CheckBox/check_yes.png' dest='0,2,16,18' fade='80'"/>
	<Class name="checkbox_green" normalimage="file='../public/CheckBox/check_green_no.png'" disabledimage="file='../public/CheckBox/check_green_no.png' fade='80'" selectednormalimage="file='../public/CheckBox/check_green_yes.png'" selecteddisabledimage="file='../public/CheckBox/check_green_yes.png' fade='80'"/>
	<!--下拉框-->
	<Class name="combo" value="normalimage=&quot;file='../public/combo/combo24.png' corner='3,3,24,3' textpadding='3,3,24,3'&quot; hotimage=&quot;file='../public/combo/combo24_hover.png' corner='3,3,24,3' textpadding='3,3,24,3'&quot; "/>
	<Class name="combo2" value="normalimage=&quot;file='../public/combo/combo24_.png' corner='2,2,18,2' textpadding='2,2,18,2'&quot; hotimage=&quot;file='../public/combo/combo24_hover_.png' corner='2,2,18,2' textpadding='2,2,18,2'&quot; "/>
	<!--按钮-->
	<Class name="btn_global_blue_80x30" font="system_bold_14" normaltextcolor="white" normalimage="file='../public/button/btn_global_blue_80x30_normal.png'" hotimage="file='../public/button/btn_global_blue_80x30_hovered.png'" pushedimage="file='../public/button/btn_global_blue_80x30_pushed.png'" disabledimage="file='../public/button/btn_global_blue_80x30_normal.png' fade='80'"/>
	<Class name="btn_global_white_80x30" font="system_bold_14" normaltextcolor="dark_gray" normalimage="file='../public/button/btn_global_white_80x30_normal.png'" hotimage="file='../public/button/btn_global_white_80x30_hovered.png'" pushedimage="file='../public/button/btn_global_white_80x30_pushed.png'" disabledimage="file='../public/button/btn_global_white_80x30_normal.png' fade='128'"/>
	<Class name="btn_global_red_80x30" font="system_bold_14" normaltextcolor="white" normalimage="file='../public/button/btn_global_red_80x30_normal.png'" hotimage="file='../public/button/btn_global_red_80x30_hovered.png'" pushedimage="file='../public/button/btn_global_red_80x30_pushed.png'" disabledimage="file='../public/button/btn_global_red_80x30_normal.png' fade='80'"/>
	<!--窗口右上角按钮 灰色版 -->
	<Class name="btn_wnd_min" width="auto" height="auto" forenormalimage="file='../public/button/btn_wnd_gray_min.png' dest='4,4,16,16'" normalimage="" hotimage="../public/button/btn_wnd_gray_min_hovered.png" pushedimage="../public/button/btn_wnd_gray_min_pushed.png"/>
	<Class name="btn_wnd_close" width="20" height="20" normalimage="file='../public/button/btn_wnd_gray_close.png' dest='4,4,16,16'" hotimage="../public/button/btn_wnd_white_close_hovered.png" pushedimage="../public/button/btn_wnd_white_close_pushed.png" fadehot="false"/>
	<Class name="btn_wnd_max" width="auto" height="auto" forenormalimage="file='../public/button/btn_wnd_gray_max.png' dest='4,4,16,16'" normalimage="" hotimage="../public/button/btn_wnd_gray_max_hovered.png" pushedimage="../public/button/btn_wnd_gray_max_pushed.png"/>
	<Class name="btn_wnd_restore" width="auto" height="auto" forenormalimage="file='../public/button/btn_wnd_gray_restore.png' dest='4,4,16,16'" normalimage="" hotimage="../public/button/btn_wnd_gray_restore_hovered.png" pushedimage="../public/button/btn_wnd_gray_restore_pushed.png"/>
	<Class name="btn_wnd_settings" width="auto" height="auto" forenormalimage="file='../public/button/btn_wnd_settings.png' source='1,1,21,21'" hotimage="../public/button/btn_wnd_bk_hovered.png" pushedimage="../public/button/btn_wnd_bk_pushed.png"/>
	<!--窗口右上角按钮 白色版 -->
	<Class name="btn_wnd_white_min" width="auto" height="auto" forenormalimage="file='../public/button/btn_wnd_white_min.png'" normalimage="" hotimage="../public/button/btn_wnd_white_min_hovered.png" pushedimage="../public/button/btn_wnd_white_min_pushed.png"/>
	<Class name="btn_wnd_white_close" width="auto" height="auto" forenormalimage="file='../public/button/btn_wnd_white_close.png'" normalimage="" hotimage="../public/button/btn_wnd_white_close_hovered.png" pushedimage="../public/button/btn_wnd_white_close_pushed.png"/>
	<Class name="btn_wnd_white_max" width="auto" height="auto" forenormalimage="file='../public/button/btn_wnd_white_max.png' dest='4,4,16,16'" normalimage="" hotimage="../public/button/btn_wnd_white_max_hovered.png" pushedimage="../public/button/btn_wnd_white_max_pushed.png"/>
	<Class name="btn_wnd_white_menu" width="auto" height="auto" forenormalimage="file='../public/button/btn_wnd_white_menu.png' dest='4,5,16,15'" normalimage="" hotimage="../public/button/btn_wnd_white_menu_hovered.png" pushedimage="../public/button/btn_wnd_white_menu_pushed.png"/>
	<!--删除按钮通用样式-->
	<Class name="btn_delete" normalimage="file='../public/button/funcicon.png' source='0,0,26,26'" hotimage="file='../public/button/funcicon.png' source='31,0,57,26'" pushedimage="file='../public/button/funcicon.png' source='62,0,88,26'" disabledimage="file='../public/button/funcicon.png' source='93,0,119,26'"/>
	<Class name="btn_recycle" width="auto" height="auto" normalimage="file='../public/button/btn_recycle_normal.png'" hotimage="file='../public/button/btn_recycle_hovered.png'" pushedimage="file='../public/button/btn_recycle_pushed.png'" disabledimage="file='../public/button/btn_recycle_normal.png' fade='80'"/>
	<Class name="btn_refresh" width="auto" height="auto" normalimage="file='../public/button/btn_refresh_normal.png'" hotimage="file='../public/button/btn_refresh_hovered.png'" pushedimage="file='../public/button/btn_refresh_pushed.png'" disabledimage="file='../public/button/btn_refresh_normal.png' fade='80'"/>
	<Class name="btn_del_search" normalimage="../public/button/btn_del_search_normal_gray.png" hotimage="../public/button/btn_del_search_hover_gray.png" pushedimage="../public/button/btn_del_search_pushed_gray.png"/>
	<!--列表通用样式-->
	<Class name="list" bkcolor="bk_wnd_lightcolor" vscrollbar="true"/>
	<Class name="listitem" hotcolor="bk_listitem_hovered" pushedcolor="bk_listitem_selected" selectednormalcolor="bk_listitem_selected" fadehot="false"/>
	<Class name="list_topitem" normalcolor="bk_topitem_normal" hotcolor="bk_topitem_hovered" pushedcolor="bk_topitem_selected" selectednormalcolor="bk_topitem_selected" fadehot="false"/>
	<!--进度条通用样式, 注意进度条的值使用`_value`属性-->
	<Class name="progress_blue" valign="center" _value="0" bkimage="../public/progress/progress_blue_bg.png" height="3" width="stretch" hor="true" max="100" min="0" progressimage="../public/progress/progress_blue_fg.png"/>
	<Class name="slider_green" width="stretch" height="14" margin="4,0,0,0" valign="center" thumbsize="14,14" min="0" max="255" progressbarpadding="0,6,0,6" bkimage="file='../public/slider/slider_hor_bk.png' dest='0,6,1000,8'" progresscolor="bk_progress_progress" thumbnormalimage="../public/slider/slider_thumb.png"/>
	<!--菜单通用样式-->
	<Class name="menu" width="auto" height="auto" bkcolor="bk_wnd_lightcolor"/>
	<Class name="menu_element" padding="20,0,20,0" height="40" hotcolor="bk_menuitem_hovered" pushedcolor="bk_menuitem_selected" selectednormalcolor="bk_menuitem_selected"/>
	<Class name="menu_icon" width="auto" height="auto" valign="center" mouse="false"/>
	<Class name="menu_text" normaltextcolor="darkcolor" font="system_14" valign="center" margin="30,0,0,0"/>
	<!--分割线通用样式-->
	<Class name="splitline_hor_level1" bkcolor="splitline_level1" height="1"/>
	<Class name="splitline_hor_level2" bkcolor="splitline_level2" height="1"/>
	<Class name="splitline_ver_level1" bkcolor="splitline_level1" width="1"/>
	<!--富文本控件通用样式-->
	<Class name="simple" multiline="false" autohscroll="true" wantreturnmsg="true" wanttab="false" rich="false" normaltextcolor="darkcolor"/>
	<Class name="prompt" promptmode="true" promptcolor="light_gray"/>
	<Class name="edit" hotimage="file='../public/edit/edit1.png' corner='10,10,10,10'" focusedimage="file='../public/edit/edit2.png' corner='10,10,10,10'"/>
	<Class name="input" normalimage="file='../public/edit/edit0.png' corner='10,10,10,10'" hotimage="file='../public/edit/edit0.png' corner='10,10,10,10'" focusedimage="file='../public/edit/edit0.png' corner='10,10,10,10'" disabledimage="file='../public/edit/edit0.png' corner='10,10,10,10' fade='80'"/>
	<!--头像蒙版-->
	<Class name="icon_headimage_mask_40x40" width="40" height="40" bkimage="../public/headmask/icon_headimage_mask_40x40_normal.png"/>
	<!--气泡框通用样式-->
	<TextColor name="popover_color_0" value="#FFECF1F8"/>
	<TextColor name="popover_color_1" value="#FFF2F7FF"/>
	<TextColor name="popover_color_2" value="#FFD0DAE7"/>
	<TextColor name="popover_color_3" value="#FF0087FF"/>
	<TextColor name="popover_color_4" value="#FF2096FF"/>
	<TextColor name="popover_color_5" value="#FF0274D9"/>
	<TextColor name="popover_title_color" value="#D9000000"/>
	<TextColor name="popover_content_color" value="#FF878787"/>
	<TextColor name="popover_content_color1" value="#FF393430"/>
	<TextColor name="popover_tooltip_color" value="#FF040405"/>
	<TextColor name="popover_cancle_text_color" value="#FF1E2221"/>
	<Class name="popover_shadow" width="auto" height="auto" maxwidth="244" minwidth="100" bkimage="file='../public/bk/bk_shadow.png' corner='30,30,30,30'"/>
	<Class name="popover_root" width="auto" height="auto" bkcolor="white" margin="8,8,8,8" padding="16,12,16,12" childmargin="8" borderround="2,2"/>
	<Class name="popover_footer" padding="0,4,0,0" halign="right" childmargin="12"/>
	<Class name="popover_popover" maxwidth="228" minwidth="84"/>
	<Class name="popover_notification" minwidth="268" maxwidth="268" fadeinoutxfromright="true"/>
	<Class name="popover_alert" maxwidth="260" minwidth="84"/>
	<Class name="popover_tooltip" maxwidth="300" minwidth="84"/>
	<Class name="popover_icon" width="18" height="18" halign="center" valign="top" margin="0,4,0,0"/>
	<Class name="popover_icon_info" bkimage="file='../public/popover/info.svg'"/>
	<Class name="popover_icon_warning" bkimage="file='../public/popover/warning.svg'"/>
	<Class name="popover_icon_error" bkimage="file='../public/popover/error.svg'"/>
	<Class name="popover_icon_success" bkimage="file='../public/popover/success.svg'"/>
	<Class name="popover_label" multiline="true" autohscroll="false" wantreturnmsg="false" wanttab="false" rich="true" enabled="false" readonly="true"/>
	<Class name="popover_label_title" font="system_bold_14" disabledtextcolor="popover_title_color"/>
	<Class name="popover_btn_close" cursortype="hand" width="16" height="16" margin="0,2,0,0" normalimage="file='../public/button/btn_close.svg' dest='2,2,14,14'" hotimage="file='../public/button/btn_close.svg' dest='2,2,14,14'" pushedimage="file='../public/button/btn_close.svg' dest='2,2,14,14'" fadehot="false"/>
	<Class name="popover_label_content" width="auto" height="auto" font="system_12_400" disabledtextcolor="popover_content_color"/>
	<Class name="popover_btn_ok" cursortype="hand" borderround="3,3" font="system_12_600" normaltextcolor="white" width="52" height="24" normalcolor="popover_color_3" hotcolor="popover_color_4" pushedcolor="popover_color_5"/>
	<Class name="popover_btn_cancel" cursortype="hand" borderround="3,3" font="system_12_600" width="52" height="24" normalcolor="popover_color_0" hotcolor="popover_color_1" pushedcolor="popover_color_2"/>
	<Class name="notification_label_title" font="system_12"/>
	<Class name="alert_root" padding="16,16,16,16" childmargin="8"/>
	<Class name="alert_footer" padding="0,8,0,0" childmargin="24" halign="right"/>
	<Class name="alert_btn_ok" width="94" height="30"/>
	<Class name="alert_btn_cancel" width="94" height="30"/>
	<Class name="tooltip_root" padding="16,12,16,12"/>
	<Class name="tooltip_content" font="system_bold_12" disabledtextcolor="popover_tooltip_color"/>
	<Class name="column_footer_ok_btn" class="popover_btn_ok" width="212" height="30" halign="center" margin="0,8,0,0"/>
	<Class name="column_footer_cancle_btn" class="popover_btn_cancel" width="212" height="auto" textpadding="0,7,0,7" normaltextcolor="popover_cancle_text_color" halign="center" margin="0,8,0,0" singleline="false"/>
	<!--avc class-->
	<Class name="notabstop" tabstop="false"/>
	<!--avc colors-->
	<TextColor name="control_theme_color" value="#ff007AFF"/>
	<!--avc buttons-->
	<Class name="btn_tools" cursortype="hand" halign="center" valign="center"/>
	<Class name="btn_tools_16x16" width="16" height="16" cursortype="hand" halign="center" valign="center"/>
	<Class name="btn_normal_94x34" halign="center" valign="center" width="94" height="30" cursortype="hand" normalcolor="btn_normal_color_gray" hotcolor="btn_normal_hot_color" pushedcolor="btn_normal_pushed_color" borderround="5,5" normaltextcolor="black" disabledtextcolor="black"/>
	<Class name="btn_apply_94x34" halign="center" valign="center" width="94" height="30" cursortype="hand" normalcolor="btn_apply_color" hotcolor="btn_apply_hot_color" pushedcolor="btn_apply_pushed_color" disabledcolor="btn_apply_disabled_color" borderround="5,5" normaltextcolor="white" disabledtextcolor="white"/>
	<Class name="btn_close" width="12" height="12" normalimage="file='../public/button/btn_close.svg'" hotimage="../public/button/btn_close.svg" pushedimage="../public/button/btn_close.svg"/>
	<Class name="btn_min" width="12" height="12" forenormalimage="file='../public/button/btn_min.svg'" normalimage="" hotimage="../public/button/btn_min.svg" pushedimage="../public/button/btn_min.svg"/>
	<Class name="btn_max" width="12" height="12" forenormalimage="file='../public/button/btn_max.svg'" normalimage="" hotimage="../public/button/btn_max.svg" pushedimage="../public/button/btn_max.svg"/>
	<Class name="btn_restore" width="12" height="12" forenormalimage="file='../public/button/btn_restore.svg'" normalimage="" hotimage="../public/button/btn_restore.svg" pushedimage="../public/button/btn_restore.svg"/>
	<Class name="btn_control_close" width="28" height="28" forenormalimage="file='../public/button/btn_close.svg' dest='8,8,20,20'" cursortype="hand"/>

	<!--avc signals-->
	<Class name="signal_44x44" width="44" height="44" halign="center" valign="center"/>
	<Class name="signal_44x44_bad" normalimage="../public/signals/44x44/bad.svg"/>
	<Class name="signal_44x44_disconnected" normalimage="../public/signals/44x44/disconnected.svg"/>
	<Class name="signal_44x44_down" normalimage="../public/signals/44x44/down.svg"/>
	<Class name="signal_44x44_good" normalimage="../public/signals/44x44/good.svg"/>
	<Class name="signal_44x44_poor" normalimage="../public/signals/44x44/poor.svg"/>
	<Class name="signal_44x44_unknown" normalimage="../public/signals/44x44/unknown.svg"/>
	<Class name="signal_44x44_rtm_disconnected" normalimage="../public/signals/44x44/rtm_disconnected.svg"/>
	<Class name="signal_30x30" width="30" height="30" halign="center" valign="center"/>
	<Class name="signal_30x30_bad" normalimage="../public/signals/30x30/bad.svg"/>
	<Class name="signal_30x30_disconnected" normalimage="../public/signals/30x30/disconnected.svg"/>
	<Class name="signal_30x30_down" normalimage="../public/signals/30x30/down.svg"/>
	<Class name="signal_30x30_good" normalimage="../public/signals/30x30/good.svg"/>
	<Class name="signal_30x30_poor" normalimage="../public/signals/30x30/poor.svg"/>
	<Class name="signal_30x30_unknown" normalimage="../public/signals/30x30/unknown.svg"/>
	<Class name="signal_30x30_rtm_disconnected" normalimage="../public/signals/30x30/rtm_disconnected.svg"/>
	<!--main form-->
	<TextColor name="main_input_title_color" value="#FF040405"/>
	<TextColor name="main_input_error_tips_color" value="#FFFF1500"/>
	<TextColor name="main_input_box_border_color" value="#FFB8B8CB"/>
	<TextColor name="main_input_box_border_color_focused" value="#FF0087FF"/>
	<TextColor name="main_input_box_border_color_error" value="#FFFF7354"/>
	<TextColor name="main_input_text_color" value="#FF131314"/>
	<TextColor name="main_input_promptext_color" value="#FF888896"/>
	<TextColor name="main_input_tips_color" value="#FFFF1500"/>
	<TextColor name="main_checkbox_color" value="#ff252525"/>
	<TextColor name="main_userinfo_box_color" value="#2AB8B8CB"/>
	<TextColor name="main_input_box_nickname_bkcolor" value="#01000000"/>
	<Class name="main_userinfo_box" width="auto" height="24" valign="center" maxwidth="200" bkcolor="main_userinfo_box_color" borderround="3,3" padding="7,0,12,0"/>
	<Class name="main_userinfo_icon" width="20" height="20" valign="center" bkimage="../main/icon_user.svg"/>
	<Class name="main_userinfo_label" valign="center" width="auto" height="stretch" endellipsis="true" align="vcenter" font="system_10" normaltextcolor="control_theme_color"/>
	<Class name="main_setting" width="40" height="40" normalimage="../main/setting.svg"/>
	<Class name="main_logo" width="auto" height="auto" bkimage="file='logo.svg'"/>
	<Class name="main_input_group" width="stretch" height="auto" margin="36,0,52,0"/>
	<Class name="main_input_title" margin="0,0,0,8" font="system_12" normaltextcolor="main_input_title_color"/>
	<Class name="main_input_box" width="stretch" height="40" padding="16,0,12,0" bordersize="1" borderround="3,3" bordercolor="disable_text"/>
	<Class name="main_input_box_focused" bordersize="1" bordercolor="main_input_box_border_color_focused"/>
	<Class name="main_input_box_error" bordersize="2" bordercolor="main_input_box_border_color_error"/>
	<Class name="main_input_icon" width="40" height="40" valign="center"/>
	<Class name="main_input_icon_roomname" normalimage="icon_roomname_normal.svg" hotimage="icon_roomname.svg"/>
	<Class name="main_input_icon_roompassword" normalimage="icon_password_normal.svg" hotimage="icon_password.svg"/>
	<Class name="main_input_icon_nickname" normalimage="icon_nickname_normal.svg" hotimage="icon_nickname.svg"/>
	<Class name="main_input" font="system_14" width="stretch" height="auto" margin="0,0,0,0" valign="center" multiline="false" autohscroll="true" wantreturnmsg="true" caretcolor="primary" wanttab="false" rich="false" normaltextcolor="high_emphasis_text" disabledtextcolor="disable_text" promptmode="true" promptcolor="disable_text" promptalign="vcenter"/>
	<Class name="main_input_tips_box" width="stretch" height="20"/>
	<Class name="main_input_tips_icon" width="20" height="20" normalimage="../main/icon_error.svg"/>
	<Class name="main_input_tips" font="system_10" normaltextcolor="main_input_tips_color" valign="center"/>
	<Class name="main_nickname_label" font="system_14" width="stretch" height="auto" margin="0,0,10,0" valign="center" normaltextcolor="high_emphasis_text"/>
	<Class name="main_checkbox" font="system_12" margin="36,0,0,8" cursortype="hand" height="16" textpadding="24,0,0,0" normaltextcolor="main_checkbox_color" normalimage="file='../main/checkbox_normal.svg' dest='0,1,14,15'" selectednormalimage="file='../main/checkbox_selected.svg' dest='0,1,14,15'"/>
	<Class name="main_join_btn" font="system_14" width="stretch" height="40" margin="36,0,52,0" bkcolor="control_theme_color" borderround="2,2"/>
	<Class name="main_magic" width="80" height="80" float="true" halign="left" valign="top" margin="290,118,0,0" cursortype="hand"/>
	<Class name="main_magic_cn" bkimage="../main/door_furniture_cn.png"/>
	<Class name="main_magic_en" bkimage="../main/door_furniture_en.png"/>
	<Class name="main_door_handle" width="28" height="86" float="true" halign="left" valign="top" margin="344,246,0,0" cursortype="hand"/>
	<Class name="main_btn_delete" nofocus="true" width="auto" height="auto" valign="center" margin="12,0,4,0" normalimage="../main/icon_delete.svg" cursortype="hand" visible="false"/>
	<Class name="main_logout_bkimage" bkimage="../main/main_logout_bkimage.png"/>
	<Class name="main_login_bkimage" bkimage="../main/main_login_bkimage.png"/>
	<!--room form-->
	<TextColor name="room_theme_color" value="#ffffffff"/>
	<TextColor name="room_box_line_color" value="#ffdde0e9"/>
	<TextColor name="room_videobox_title_color" value="#FFFFFFFF"/>
	<TextColor name="room_videobox_title_bk_color" value="#40000000"/>
	<TextColor name="room_videobox_title_bk_hot_color" value="#57000000"/>
	<TextColor name="room_videobox_theme_color" value="#FF121212"/>
	<TextColor name="room_videobox_forground_color" value="#FFFFFFFF"/>
	<TextColor name="room_status_holder_bk_color" value="#59000000"/>
	<TextColor name="room_network_prompt_action_color" value="#FF224EF5"/>
	<TextColor name="room_duration_text_color" value="#FF537094"/>
	<TextColor name="room_btn_tools_shadow" value="#ffb7d0dc"/>
	<Class name="room_btn_tools_shadow" boxshadow="color='room_btn_tools_shadow' offset='4,6' blursize='2' exclude='false'"/>
	<Class name="room_btn_tools_34x34" width="34" height="34" valign="center" halign="center" cursortype="hand" margin="18,0,0,0" />
	<Class name="room_btn_tools_44x44" width="44" height="44" normalcolor="btn_normal_color" hotcolor="btn_normal_hot_color" pushedcolor="btn_normal_pushed_color" cursortype="hand"/>
	<Class name="room_btn_tools_66x44" borderround="2,2" width="66" height="44" valign="center" halign="center" cursortype="hand" margin="10,0,0,0" bkcolor="surface" normalcolor="btn_normal_color" hotcolor="btn_normal_hot_color" pushedcolor="btn_normal_pushed_color"/>
	<Class name="room_box_tools_66x44" borderround="2,2" width="66" height="44" valign="center" margin="10,0,0,0" bkcolor="surface" mouse="false"/>
	<Class name="room_chk_tools_66x44" selectednormalcolor="btn_normal_color" selectedhotcolor="btn_normal_hot_color" selectedpushedcolor="btn_normal_pushed_color"/>
	<Class name="room_videobox_list" width="152" height="stretch" padding="0,0,10,0" childmargin="8" vscrollbar="true" vscrollunit="5" scrollbarpadding="0,0,1,0"/>
	<Class name="room_btn_mic_muted" keyboard="false" normalimage="file='control_mic_muted.svg' dest='0,0,44,44'"/>
	<Class name="room_btn_mic_unmuted" normalimage="file='control_mic_unmute.svg' dest='0,0,44,44'"/>
	<Class name="room_btn_camera_muted" normalimage="file='control_camera_muted.svg' dest='0,0,44,44'"/>
	<Class name="room_btn_camera_unmuted" normalimage="file='control_camera_unmute.svg' dest='0,0,44,44'"/>
	<Class name="room_btn_screenshare" normalimage="file='control_screenshare.svg' dest='11,0,55,44'" loadingimage="file='../public/animation/loading_26x26.svg'" loadingbkcolor="white"/>
	<Class name="room_btn_screenshare_enabled" normalimage="file='control_screenshare_selected.svg' dest='11,0,55,44'"/>
	<Class name="room_btn_cloudrecord" normalimage="file='control_cloudrecord.svg' dest='11,0,55,44'" loadingimage="file='../public/animation/loading_26x26.svg'" loadingbkcolor="white"/>
	<Class name="room_btn_cloudrecord_enabled" normalimage="file='control_cloudrecord_selected.svg' dest='11,0,55,44'"/>
	<Class name="room_status_box" float="true" valign="top" halign="left" width="auto" height="auto" childmargin="12,12" margin="16,16,0,0"/>
	<Class name="room_status_icon" valign="center" width="8" height="8"/>
	<Class name="room_status_holder" minwidth="144" width="auto" height="32" bkcolor="room_status_holder_bk_color" childmargin="8" padding="12,0,12,0" borderround="2,2"/>
	<Class name="room_status_text" font="system_bold_12" normaltextcolor="white" valign="center"/>
	<Class name="room_btn_fullscreen" width="30" height="30" float="true" valign="top" halign="right" margin="0,16,16,0" bkcolor="room_status_holder_bk_color" cursortype="hand" nofocus="true"/>
	<Class name="room_btn_fullscreen_enter" normalimage="../room/control_fullscreen_enter.svg" hotimage="../room/control_fullscreen_enter.svg" pushedimage="../room/control_fullscreen_enter.svg" />
	<Class name="room_btn_fullscreen_exit" normalimage="../room/control_fullscreen_exit.svg" hotimage="../room/control_fullscreen_exit.svg" pushedimage="../room/control_fullscreen_exit.svg"/>
	<Class name="room_audio_progress" width="44" height="44" clip_start="14" clip_end="24" hor="false" reverse="false" mouse="false" max="255" min="0" isstretchfore="false" visible="false" progressimage="../room/audio_progress.svg" mouse="false"/>
	<Class name="room_select_end_btn" class="error_btn" width="160" height="32" font="body2" textid="end_room_button"/>
	<Class name="room_select_leave_btn" width="160" height="32" font="body2" textid="leave_button" margin="0,8,0,0" normaltextcolor="high_emphasis_text" normalcolor="popover_color_0" hotcolor="popover_color_1" pushedcolor="popover_color_2" cursortype="hand"/>
	<!--room videobox-->
	<Class name="room_videobox_small" width="140" height="140"/>
	<Class name="room_videobox_major" width="stretch" height="stretch"/>
	<Class name="room_videobox_root" width="stretch" height="stretch"/>
	<Class name="room_videobox_state" width="30" height="30" valign="center" halign="center" mouse="false"/>
	<Class name="room_videobox_state_screenshare" visible="false" normalimage="file='../room/videobox/videobox_screenshare.svg' dest='5,5,25,25'"/>
	<Class name="room_videobox_state_audio" normalimage="file='../room/videobox/videobox_unmute.svg' dest='5,5,25,25'" hotimage="file='../room/videobox/videobox_muted.svg' dest='5,5,25,25'" pushedimage="file='../room/videobox/videobox_speaking.svg' dest='5,5,25,25'" fadehot="false"/>
	<Class name="room_videobox_state_quality" visible="false" normalimage="file='../public/signals/30x30/poor.svg'" hotimage="file='../public/signals/30x30/bad.svg'" fadehot="false"/>
	<Class name="room_videobox_btn_more" visible="false" width="30" height="30" cursortype="hand" forenormalimage="file='../room/videobox/videobox_more.svg'" valign="center" halign="center" boxshadow="color='room_btn_tools_shadow' offset='0,0' blursize='-4' exclude='false'"/>
	<Class name="room_videobox_foreground" width="stretch" height="stretch" bkcolor="room_videobox_forground_color"/>
	<Class name="room_videobox_smile" width="62" height="62" halign="center" font="title3" normaltextcolor="on_primary" bkcolor="text_avatar_bkcolor" defaultavatar="file='../room/videobox/videobox_load_avatar_small.svg'" avatarType="videoBox"/>
	<Class name="room_videobox_smile_major" width="150" height="150" font="avatar" normaltextcolor="on_primary" bkcolor="text_avatar_bkcolor" halign="center" defaultavatar="file='../room/videobox/videobox_load_avatar.svg'" avatarType="videoBox"/>
	<Class name="room_videobox_control_left" width="auto" height="auto" float="true" halign="left" valign="top" margin="8,8,0,0" childmargin="8"/>
	<Class name="room_videobox_control_right" width="auto" height="auto" float="true" halign="right" valign="top" margin="0,8,8,0" childmargin="8"/>
	<Class name="room_videobox_control_bottom" width="auto" height="auto" float="true" halign="left" valign="bottom" childmargin="8" margin="0,0,0,0"/>
	<Class name="room_videobox_control_bottom_major" width="auto" height="auto" float="true" halign="left" valign="bottom" margin="0,0,0,0"/>
	<Class name="room_videobox_title" maxwidth="130" width="130" align="center" valign="center" margin="0,0,4,0" borderround="3,3" normaltextcolor="room_videobox_title_color" bkcolor="room_videobox_title_bk_color" hotcolor="room_videobox_title_bk_hot_color" textpadding="8,6,8,6" font="system_bold_14"/>
	<Class name="room_videobox_audio_progress" width="20" height="20" clip_start="6" clip_end="12" hor="false" reverse="false" mouse="false" max="255" min="0" halign="center" valign="center" isstretchfore="false" visible="false" progressimage="../room/videobox/audio_progress.svg"/>
	<Class name="room_videobox_media_label" width="auto" height="auto" normaltextcolor="red" font="system_12"/>
	<!--screenshare form-->
	<TextColor name="screenshare_list_bkcolor" value="#FFF0F4FA"/>
	<TextColor name="screenshare_option_selectedcolor" value="#FFC5E4FF"/>
	<TextColor name="screenshare_item_selectedborder" value="#FF0087FF"/>
	<Class name="screenshare_list" bkcolor="screenshare_list_bkcolor" padding="24,28,24,28" childmargin="8,8,8,8"/>
	<Class name="screenshare_list_item" width="166" height="166" padding="2,2,2,2" cursortype="hand" mouse="true" bordersize="2" bordercolor="white"/>
	<Class name="screenshare_list_item_selected" bordersize="2" bordercolor="control_theme_color"/>
	<Class name="screenshare_list_item_icon_monitor" bkimage="../screenshare/option_monitor.svg"/>
	<Class name="screenshare_list_item_icon_unknown" bkimage="../screenshare/option_unknown.svg"/>
	<Class name="screenshare_option" width="40" height="40" valign="center" group="screenshare_header" cursortype="hand" borderround="4,4" selectednormalcolor="screenshare_option_selectedcolor"/>
	<Class name="screenshare_option_unknown" normalimage="file='../screenshare/option_unknown.svg' dest='4,4,36,36'" selectednormalimage="file='../screenshare/option_unknown.svg' dest='4,4,36,36'"/>
	<Class name="screenshare_checkbox" height="20" font="body2" valign="center" normaltextcolor="high_emphasis_text" textpadding="22,0,0,0" selected="false" disabledtextcolor="textdefaultdisablecolor" normalimage="file='../settings/checkbox_normal.svg' dest='0,3,14,17'" disabledimage="file='../settings/checkbox_normal.svg' dest='0,3,14,17'" selectednormalimage="file='../settings/checkbox_selected.svg' dest='0,3,14,17'" selecteddisabledimage="file='../settings/checkbox_selected_disabled.svg' dest='0,3,14,17'" cursortype="hand"/>
	<!-- participants box-->
	<TextColor name="chat_participants_label_color" value="#FF1E2221"/>
	<TextColor name="participants_cloud_recording_text_color" value="#FFFF5D6C"/>
	<TextColor name="participants_issue_report_text_color" value="#FF00D58B"/>
	<TextColor name="participants_screen_sharing_text_color" value="#FF00BFDA"/>
	<TextColor name="participants_screen_not_logged_text_color" value="#FF0087FF"/>
	<TextColor name="participants_search_box_normal_border_color" value="#FFD3D3D3"/>
	<TextColor name="participants_btn_hot_color" value="#FFF4F8FF"/>
	<TextColor name="participants_btn_pushed_color" value="#FFE8EFFB"/>
	<TextColor name="participants_assistant_leave_label_color" value="#FF040405"/>
	<TextColor name="participants_shadow_color" value="#33004189"/>
	<TextColor name="participants_invited_name_color" value="#FFB0AABE"/>
	<TextColor name="participants_invited_btn_border_color" value="#FFDFDDE9"/>
	<TextColor name="participants_invited_btn_hot_color" value="#FFDED9FF"/>
	<Class name="participants_label" width="auto" height="auto" halign="center" font="caption" normaltextcolor="chat_participants_label_color" mouse="false"/>
	<Class name="participants_type_box_mark" height="3" valign="bottom" bkcolor="control_theme_color" visible="false" mouse="false"/>
	<Class name="participants_status_btn" width="30" height="30" margin="14,0,0,0" valign="center" cursortype="hand" hotimage="file='../participants/control_bk_hovered.svg'" pushedimage="file='../participants/control_bk_pressed.svg'" loadingimage="../participants/loading.svg" loadingbkcolor="room_theme_color"/>
	<Class name="participants_status_tag" height="auto" font="caption" width="auto" normaltextcolor="primary" disabledtextcolor="primary" textpadding="6,4,6,4" borderround="2,2" margin="0,0,8,0" bkcolor="main_bkimage"/>
	<Class name="participants_audio_progress" width="30" height="30" clip_start="9" clip_end="16" hor="false" reverse="false" isstretchfore="false" mouse="false" max="255" min="0" visible="false" progressimage="../participants/audio_progress.svg"/>
	<Class name="participants_assistant_popover_enabled_and_close_original_btn" class="column_footer_cancle_btn" textid="as_open_button_original"/>
	<Class name="participants_assistant_popover_only_enabled_btn" class="column_footer_cancle_btn" textid="as_open_button_listen"/>
	<Class name="participants_assistant_disabled_btn" class="column_footer_cancle_btn" textid="as_close_button_close"/>
	<Class name="participants_assistant_close_original_btn" class="column_footer_cancle_btn" textid="as_close_button_orginal_close"/>
	<Class name="participants_assistant_open_original_btn" class="column_footer_cancle_btn" textid="as_close_button_orginal_open"/>
	<Class name="participants_invite_btn" textid="invite_call_button_hover" font="caption" width="auto" height="auto" textpadding="24,8,24,8" halign="center" valign="center" normaltextcolor="primary" borderround="2,2" bordersize="1" bordercolor="primary" cursortype="hand"/>
	<Class name="participants_loading_progress" width="34" height="34" valign="center" childcount="3" interval="80" hor="true" progressimage="../participants/progress_inviting.svg" childmargin="2" padding="10,0,10,0"/>
	<!-- chat form-->
	<TextColor name="chat_text_color" value="#FF1E2221"/>
	<TextColor name="chat_splitline_color" value="#FFDDE0E9"/>
	<TextColor name="chat_edit_box_color" value="#FFFBFCFD"/>
	<TextColor name="chat_edit_prompt_text_color" value="#FF8C949D"/>
	<TextColor name="chat_mine_message_background_color" value="#FFC5E4FF"/>
	<TextColor name="chat_time_text_color" value="#FFA5ADBF"/>
	<TextColor name="chat_edit_box_normal_border_color" value="#FFD3D3D3"/>
	<Class name="chat_edit_single_line" font="body2" padding="16,0,8,0" align="vcenter" width="stretch" height="36" margin="1,1,0,1" multiline="true" autovscroll="true" vscrollbar="true" prompttextid="chat_input" promptcolor="medium_emphasis_text" normaltextcolor="high_emphasis_text" wantreturnmsg="true" rich="false" caretcolor="control_theme_color"/>
	<Class name="chat_edit_multiline_line" height="71" align="top" padding="15,6,8,0"/>
	<!--setting form-->
	<TextColor name="setting_title_color" value="#ffD8D8D9"/>
	<TextColor name="setting_text_noselected_color" value="#7d000000"/>
	<TextColor name="setting_text_selected_color" value="#ff000000"/>
	<TextColor name="setting_text_normal_color" value="#ff213055"/>
	<TextColor name="setting_btn_normal_text_color" value="#ff233257"/>
	<TextColor name="setting_describe_text_color" value="#ff9399AF"/>
	<TextColor name="setting_upload_log_failed_color" value="#ffFD3E3F"/>
	<TextColor name="setting_upload_log_success_color" value="#ff6FCF97"/>
	<TextColor name="setting_broder_color" value="#12000000"/>
	<TextColor name="setting_terms_windwos_underline_color" value="#ffaaaaaa"/>
	<TextColor name="setting_label_describe_bk_color" value="#FFF5F8FE"/>
	<TextColor name="setting_combo_item_hot_color" value="#FFF5F8FF"/>
	<TextColor name="setting_user_plan_border_color" value="#12000000"/>
	<TextColor name="setting_btn_pushed_color" value="#FFECF1F8"/>
	<TextColor name="setting_btn_border_color" value="#47233257"/>
	<TextColor name="setting_option_label_text_color" value="#FF040405"/>
	<TextColor name="setting_virtual_bkground_tilebox_border_color" value="#FFF2F6FE "/>
	<TextColor name="setting_virtual_bkground_box_bkcolor" value="#11000000"/>
	<Class name="setting_option" width="stretch" height="40" font="body2" textpadding="56,0,0,0" group="setting_option_group" cursortype="hand" normaltextcolor="setting_text_noselected_color" selectedtextcolor="setting_text_selected_color" selectednormalcolor="surface2" margin="0,12,0,0" endellipsis="true" fadehot="false"/>
	<Class name="setting_label" font="system_14" width="auto" height="auto" normaltextcolor="high_emphasis_text" margin="36,8,0,0"/>
	<Class name="setting_title_label" font="system_bold_14" width="auto" height="auto" normaltextcolor="high_emphasis_text" margin="36,24,0,0"/>
	<Class name="setting_combo" width="436" height="30" margin="36,8,0,0" textpadding="13,5,13,5" normalimage="file='combo_normal.svg'" hotimage="file='combo_hot.svg'" arrownormalimage="../public/combo/arrow_normal.svg" arrowhotimage="../public/combo/arrow_hot.svg"/>
	<Class name="setting_button" width="auto" height="30" textpadding="16,0,16,0" valign="center" normaltextcolor="high_emphasis_text" pushedcolor="btn_normal_pushed_color" disabledtextcolor="disable_text" margin="0,0,36,0" borderround="2,2" bordersize="1" bordercolor="disable_text"/>
	<Class name="setting_user_experience_button" width="90" textpadding="0,0,0,0"/>
	<Class name="setting_checkbox_image_right" height="20" font="system_14" width="150" align="left" margin="36,16,0,0" normaltextcolor="darkcolor" normalimage="file='checkbox_normal.svg'" selectednormalimage="file='checkbox_selected.svg'"/>
	<Class name="setting_metting_checkbox" height="20" font="system_14" normaltextcolor="black" textpadding="22,0,0,0" margin="36,10,0,0" selected="true" disabledtextcolor="textdefaultdisablecolor" normalimage="file='../settings/checkbox_normal.svg' dest='0,3,14,17'" disabledimage="file='../settings/checkbox_normal.svg' dest='0,3,14,17'" selectednormalimage="file='../settings/checkbox_selected.svg' dest='0,3,14,17'" selecteddisabledimage="file='../settings/checkbox_selected_disabled.svg' dest='0,3,14,17'"/>
	<Class name="progress_microphone_test" valign="center" _value="0" bkimage="file='../settings/microphone_test_progress_background.svg'" height="auto" width="auto" hor="true" max="100" min="0" progressimage="file='../settings/microphone_test_progress.svg'"/>
	<Class name="setting_label_describe" font="system_12" valign="center" textpadding="10,4,10,4" margin="8,0,0,0" normaltextcolor="medium_emphasis_text" bkcolor="setting_label_describe_bk_color" borderround="2,2"/>
	<Class name="setting_option_account" normalimage="file='account_normal.svg' dest='16,0,56,40'" selectednormalimage="file='account_pushed.svg' dest='16,0,56,40'"/>
	<Class name="setting_option_metting" normalimage="file='meeting_normal.svg' dest='16,0,56,40'" selectednormalimage="file='meeting_pushed.svg' dest='16,0,56,40'"/>
	<Class name="setting_option_video" normalimage="file='video_normal.svg' dest='16,0,56,40'" selectednormalimage="file='video_pushed.svg' dest='16,0,56,40'"/>
	<Class name="setting_option_audio" normalimage="file='audio_normal.svg' dest='16,0,56,40'" selectednormalimage="file='audio_pushed.svg' dest='16,0,56,40'"/>
	<Class name="setting_option_effects" normalimage="file='video_effects_normal.svg' dest='16,0,56,40'" selectednormalimage="file='video_effects_pushed.svg' dest='16,0,56,40'" />
	<Class name="setting_option_log" normalimage="file='upload_log_normal.svg' dest='16,0,56,40'" selectednormalimage="file='upload_log_pushed.svg' dest='16,0,56,40'" />
	<Class name="setting_option_user_experience" normalimage="file='user_experience_normal.svg' dest='16,0,56,40'" selectednormalimage="file='user_experience_pushed.svg' dest='16,0,56,40'"/>
	<Class name="setting_option_about" normalimage="file='about_us_normal.svg' dest='16,0,56,40'" selectednormalimage="file='about_us_pushed.svg' dest='16,0,56,40'"/>
	<Class name="setting_option_lab" normalimage="file='lab_normal.svg' dest='16,0,56,40'" selectednormalimage="file='lab_pushed.svg' dest='16,0,56,40'"/>
	<Class name="setting_option_developer" normalimage="file='developer_normal.svg' dest='16,0,56,40'" selectednormalimage="file='developer_pushed.svg' dest='16,0,56,40'"/>
	<Class name="setting_back" normalimage="file='back.svg' dest='0,0,40,40' svg='size=40,40 fill=#040405'"/>
	<Class name="setting_assistant_popover_first_btn" class="column_footer_ok_btn" textid="as_setting_choice_en"/>
	<Class name="setting_assistant_popover_second_btn" class="column_footer_ok_btn" textid="as_setting_choice_cn"/>
	<Class name="setting_assistant_popover_third_btn" class="column_footer_cancle_btn" textid="cancel_button"/>
	<Class name="setting_assistant_apply_normal" class="setting_button" bkimage="" bkcolor="" enabled="true"/>
	<Class name="setting_assistant_apply_failed" class="setting_assistant_apply_normal" textid="as_setting_apply_fail" bkcolor="setting_upload_log_failed_color" normaltextcolor="white" pushedcolor="setting_upload_log_failed_color" normalimage=""/>
	<Class name="setting_btn_link" font="system_14" width="auto" height="auto" normaltextcolor="control_theme_color" cursortype="hand" bordersize="0,0,0,1" bordercolor="control_theme_color"/>
	<Class name="setting_option_label" font="system_14" width="auto" height="auto" margin="0,16,0,0" textpadding="26,0,0,0" group="setting_noise_group" normalimage="file='option_normal.svg' dest='0,0,18,18'" selectednormalimage="file='option_selected.svg' dest='0,0,18,18'" normaltextcolor="setting_option_label_text_color" cursortype="hand"/>
	<Class name="setting_rich_edit" class="simple" font="system_12" height="30" margin="8,0,0,0" normaltextcolor="high_emphasis_text" promptcolor="disable_text" hscrollbar="true" valign="center" align="vcenter" padding="16,0,16,0" bordercolor="chat_edit_box_normal_border_color" borderround="2,2" bordersize="1"/>
	<Class name="setting_lab_child_box" class="white_btn_state" width="stretch" height="92" bkcolor="surface" padding="40,0,30,0" borderround="2,2" margin="0,16,0,0" cursortype="hand"/>
	<Class name="setting_lab_child_vbox" width="stretch" height="auto" valign="center" margin="0,0,16,0" mouse="false"/>
	<Class name="setting_lab_title" width="auto" height="auto" font="title5" normaltextcolor="high_emphasis_text" disabledtextcolor="disable_text" mouse="false"/>
	<Class name="setting_lab_info" width="auto" height="auto" font="body2" margin="0,8,0,0" normaltextcolor="high_emphasis_text" disabledtextcolor="disable_text" mouse="false"/>
	<Class name="setting_lab_arrow" width="auto" height="auto" halign="right" valign="center" bkimage="control_lab_arrow.svg" mouse="false"/>
	<Class name="setting_effects_title_option" width="70" height="28" group="setting_beauty_title_option_group" font="caption" normaltextcolor="primary" selectedtextcolor="on_primary" selectednormalcolor="primary" borderround="2,2" cursortype="hand"/>
	<Class name="setting_beauty_option_box" width="52" height="auto" margin="12,14,0,0"/>
	<Class name="setting_beauty_icon_option" width="52" height="52" group="setting_beauty_icon_option_group" bordercolor="primary" cursortype="hand"/>
	<Class name="setting_beauty_describe_label" width="stretch" height="auto" margin="0,8,0,0" align="center" font="caption" normaltextcolor="high_emphasis_text" disabledtextcolor="disable_text"/>
	<Class name="setting_beauty_changed_icon" width="4" height="4" margin="0,8,0,0" halign="center" normalimage="beauty_changed_circle_normal.svg" selectednormalimage="beauty_changed_circle_selected.svg" visible="false"/>
	<Class name="setting_checkkbox" width="auto" height="auto" textpadding="24,0,0,0" font="body2" normaltextcolor="high_emphasis_text" normalimage="file='checkbox_normal.svg' dest='2,2,16,16'" selectednormalimage="file='checkbox_selected.svg' dest='2,2,16,16'" valign="center"/>
	<Class name="setting_beta" width="auto" height="auto" textpadding="8,0,8,2" font="system_10" normaltextcolor="medium2_emphasis_text" bkcolor="surface2" borderround="2,2" margin="8,0,0,0" valign="center"/>
	<Class name="setting_beta_describe" width="auto" height="auto" margin="60,2,0,0" font="caption" normaltextcolor="medium2_emphasis_text"/>
	<!--Custom Popover-->
	<TextColor name="option_notification_reject_color" value="#FFFD3E3F"/>
	<TextColor name="option_notification_accept_color" value="#FF0087FF"/>
	<Class name="option_notification_title" margin="12,12,12,12" valign="center"/>
	<Class name="option_notification_option" width="70" minheight="32" height="32" cursortype="hand"/>
	<Class name="option_notification_option_reject" normaltextcolor="option_notification_reject_color"/>
	<Class name="option_notification_option_accept" normaltextcolor="option_notification_accept_color"/>
	<Class name="option_notification_options_holder" width="auto" height="auto"/>
	<TextColor name="roominfo_popover_text_color" value="#FF393430"/>
	<Class name="roominfo_popover_text" font="system_12" normaltextcolor="roominfo_popover_text_color" disabledtextcolor="roominfo_popover_text_color"/>
	<Class name="roominfo_popover_chk" width="auto" height="auto" maxwidth="stretch" singleline="false" font="system_12" textpadding="22,-2,0,0" align="left" normaltextcolor="roominfo_popover_text_color" disabledtextcolor="roominfo_popover_text_color" normalimage="file='checkbox_normal.svg' dest='0,0,14,14'" selectednormalimage="file='checkbox_selected.svg' dest='0,0,14,14'" textid="room_agora_invite" cursortype="hand"/>
	<Class name="roominfo_popover_btn_copylink" font="system_12" textpadding="8,8,8,8" normaltextcolor="control_theme_color" textid="room_info_copy_link" bordercolor="control_theme_color" bordersize="1" borderround="2,2" cursortype="hand"/>
	<TextColor name="network_status_media_unknown_color" value="#FFA5ADBF"/>
	<TextColor name="network_status_media_good_color" value="#FF00A688"/>
	<TextColor name="network_status_media_poor_color" value="#FFFFAA22"/>
	<TextColor name="network_status_media_bad_color" value="#FFFD3E3F"/>
	<TextColor name="network_status_media_down_color" value="#FFA5ADBF"/>
	<TextColor name="network_status_media_detail_color" value="#FF393430"/>
	<Class name="network_status_root" margin="0,0,0,0" width="auto" height="auto"/>
	<Class name="network_status_biz" font="system_bold_14_600" multiline="true" autohscroll="false" wantreturnmsg="false" wanttab="false" rich="false" enabled="false" halign="center" align="hcenter"/>
	<Class name="network_status_media_box" width="stretch" height="90" padding="0,8,0,12" childmargin="4"/>
	<Class name="network_status_media" font="system_bold_14" normaltextcolor="network_status_media_unknown_color" align="center,vcenter" width="stretch" height="auto"/>
	<Class name="network_status_media_detail" font="system_bold_12_500" normaltextcolor="network_status_media_detail_color" align="vcenter" width="stretch" height="auto" endellipsis="false"/>
	<Class name="lastmile_status_root" padding="0,0,0,0" width="auto" height="auto" childmargin="8"/>
	<Class name="lastmile_status_box" margin="0,0,0,0" childmargin="4"/>
	<TextColor name="dump_to_record_footer_submit_btn_text_color" value="#FF393430"/>
	<TextColor name="dump_to_record_footer_record_btn_text_color" value="#FF85888D"/>
	<Class name="dump_to_record_footer_submit_btn" textid="submit_button" font="system_bold_12" width="212" height="30" halign="center" borderround="2,2" normaltextcolor="dump_to_record_footer_submit_btn_text_color" normalcolor="popover_color_0" hotcolor="popover_color_1" pushedcolor="popover_color_2" cursortype="hand"/>
	<Class name="dump_to_record_footer_record_btn" textid="recording_button" font="system_bold_12" width="212" height="30" halign="center" margin="0,8,0,0" borderround="2,2" normaltextcolor="white" normalcolor="popover_color_3" hotcolor="popover_color_4" pushedcolor="popover_color_5" cursortype="hand"/>
	<Class name="dump_to_record_footer_cancle_btn" textid="cancel_button" font="system_bold_12" width="70" height="auto" halign="center" margin="0,8,0,0" normaltextcolor="dump_to_record_footer_record_btn_text_color" cursortype="hand"/>
	<Class name="videobox_menu_root" padding="8,8,8,8"/>
	<Class name="videobox_menu_header_root" width="auto" height="auto" childmargin="4" mouse="false"/>
	<Class name="videobox_menu_element" width="stretch" height="20"/>
	<Class name="videobox_menu_element_control" width="20" height="20" margin="0,0,8,0"/>
	<Class name="videobox_menu_element_button" width="auto" height="20" align="left" cursortype="hand" normaltextcolor="darkcolor" font="system_14"/>
	<Class name="videobox_menu_video_muted" bkimage="file='../room/videobox/menu_more/menu_camera_muted.svg'"/>
	<Class name="videobox_menu_video_unmuted" bkimage="file='../room/videobox/menu_more/menu_camera_unmute.svg'"/>
	<Class name="videobox_menu_video_pending" bkimage="file='../public/animation/ani_loading.gif' dest='4,4,16,16'"/>
	<Class name="videobox_menu_audio_muted" bkimage="file='../room/videobox/menu_more/menu_mic_muted.svg'"/>
	<Class name="videobox_menu_audio_unmuted" bkimage="file='../room/videobox/menu_more/menu_mic_unmute.svg'"/>
	<Class name="videobox_menu_audio_pending" bkimage="file='../public/animation/ani_loading.gif' dest='4,4,16,16'"/>
	<Class name="videobox_menu_kick" bkimage="file='../room/videobox/menu_more/menu_kick.svg'"/>
	<TextColor name="vqa_button_yes" value="#FFE8F3FF"/>
	<TextColor name="vqa_button_no" value="#FFFFF7E8"/>
	<Class name="vqa_root" margin="0,0,0,0" width="auto" height="auto"/>
	<Class name="vqa_result" margin="0,0,0,0" childmargin="4" visible="true"/>
	<Class name="vqa_invalid" margin="0,0,0,0" childmargin="4" visible="true"/>
	<Class name="vqa_title" width="auto" height="auto" font="system_bold_16" normaltextcolor="text_5"/>
	<Class name="vqa_tips" width="auto" height="auto" font="system_14" normaltextcolor="text_3"/>
	<Class name="vqa_button" width="96" height="44" borderround="8,8" cursortype="hand"/>
	<Class name="vqa_button_tips" width="96" height="44" align="hcenter,vcenter"/>
	<Class name="vqa_stars" width="24" height="24" valign="center" group="satrs_option_group" normalimage="vqa_popover/star_normal.svg" selectednormalimage="vqa_popover/star_hot.svg" cursortype="hand" enabled="false"/>
	<!-- feedback form -->
	<TextColor name="dupm_title_color" value="#FF040405"/>
	<TextColor name="feedback_title_color" value="#FF1E2221"/>
	<TextColor name="feedback_issue_normal_color" value="#FFF5F9FF"/>
	<TextColor name="feedback_issue_normal_text_color" value="#FF040405"/>
	<TextColor name="feedback_issue_selected_normal_color" value="#3362B3FF"/>
	<TextColor name="feedback_issue_selected_text_color" value="#FF0087ff"/>
	<TextColor name="feedback_line_color" value="#FFD9D9D9"/>
	<TextColor name="feedback_id_color" value="#FF8292A3"/>
	<TextColor name="feedback_dump_help_text_color" value="#FFABAFBD"/>
	<TextColor name="feedback_elapsed_color" value="#FFFF975D"/>
	<TextColor name="feedback_describe_bk_color" value="#FFFCFCFC"/>
	<TextColor name="dump_button_progress_bg_color" value="#FFF0F4FA"/>
	<TextColor name="dump_upload_failed_color" value="#FFFF4A4B"/>
	<TextColor name="dump_upload_result_describe_color" value="#FFABAFBD"/>
	<TextColor name="dump_upload_result_issue_id_color" value="#FFFF2A5B"/>
	<TextColor name="feedback_btn_disabled_color" value="#B20087FF"/>
	<TextColor name="feedback_btn_disabled_text_color" value="#B2FFFFFF"/>
	<TextColor name="feedback_combo_item_hot_color" value="#FFF5F8FF"/>
	<TextColor name="feedback_blue_btn_normal_color" value="#FF0087FF"/>
	<TextColor name="feedback_blue_btn_hot_color" value="#FF2096FF"/>
	<TextColor name="feedback_blue_btn_pushed_color" value="#FF0274D9"/>
	<Class name="feedback_title_label" height="auto" width="auto" font="system_bold_14_600" margin="24,8,8,0"/>
	<Class name="feedback_tag_list" width="stretch" height="auto" margin="24,8,24,8" rowspace="16" rowheight="32" childmargin="8"/>
	<Class name="feedback_issue_checkbox" width="auto" height="32" textpadding="8,0,8,0" font="body2" normalcolor="feedback_issue_normal_color" selectednormalcolor="feedback_issue_selected_normal_color" normaltextcolor="feedback_issue_normal_text_color" selectedtextcolor="feedback_issue_selected_text_color" borderround="2,2" cursortype="hand"/>
	<Class name="feedback_result_icon" width="auto" height="auto" halign="center" margin="0,23,0,0"/>
	<Class name="feedback_result_title" width="auto" height="auto" font="system_bold_14_600" halign="center" margin="0,16,0,0" normaltextcolor="black"/>
	<Class name="feedback_result_describe" maxwidth="236" width="stretch" height="auto" font="system_12" halign="center" align="hcenter" margin="0,8,0,0" normaltextcolor="dump_upload_result_describe_color" multiline="true" readonly="true" rich="true"/>
	<Class name="feedback_blue_btn" normalcolor="feedback_blue_btn_normal_color" hotcolor="feedback_blue_btn_hot_color" pushedcolor="feedback_blue_btn_pushed_color" disabledcolor="feedback_btn_disabled_color" normaltextcolor="white" disabledtextcolor="feedback_btn_disabled_text_color" borderround="2,2" cursortype="hand"/>
	<!-- evaluate form -->
	<TextColor name="evaluate_line_color" value="#FFF1F1F1"/>
	<TextColor name="evaluate_label_color" value="#FF525252"/>
	<TextColor name="evaluate_checkbox_selected_color" value="#510087FF"/>
	<TextColor name="evaluate_checkbox_text_color" value="#FF1E2221"/>
	<TextColor name="evaluate_checkbox_normal_border_corlor" value="#FFA5ADBF"/>
	<TextColor name="evaluate_checkbox_selected_border_corlor" value="#FF0087FF"/>
	<TextColor name="evaluate_describe_text_corlor" value="#FFA5ADBF"/>
	<TextColor name="evaluate_submit_text_corlor" value="#FF040405"/>
	<TextColor name="evaluate_submit_border_corlor" value="#FFA5ADBF"/>
	<TextColor name="report_thinks_text_color" value="#FFA3ADC1"/>
	<Class name="evaluate_stars" width="auto" height="auto" valign="center" group="satrs_option_group" normalimage="star.svg" selectednormalimage="star_hot.svg" cursortype="hand"/>
	<Class name="evaluate_title_label" width="auto" height="auto" font="system_14" textpadding="34" align="vcenter"/>
	<Class name="evaluate_label" width="auto" height="auto" valign="center" font="system_12" margin="8" normaltextcolor="evaluate_label_color" visible="false"/>
	<Class name="evaluate_tag_list" width="304" height="auto" margin="20,24,20,0" rowheight="32" rowspace="8" childmargin="8" visible="false"/>
	<Class name="evaluate_tag_checkbox" width="auto" height="32" textpadding="12,0,12,0" font="system_12" normalcolor="white" selectednormalcolor="evaluate_checkbox_selected_color" normaltextcolor="evaluate_checkbox_text_color" borderround="2,2" cursortype="hand" bordersize="1" bordercolor="evaluate_checkbox_normal_border_corlor"/>
	<Class name="evaluate_report_result_icon" width="auto" height="auto" halign="center" margin="0,19,0,0"/>
	<Class name="evaluate_result_title" width="auto" height="auto" font="system_bold_14_600" halign="center" margin="0,16,0,0" normaltextcolor="black"/>
	<Class name="eveluate_result_btn" width="92" height="32" font="system_14" margin="0,28,0,0" halign="center" normaltextcolor="evaluate_submit_text_corlor" cursortype="hand"/>
	<Class name="evaluate_close_btn" width="16" height="16" cursortype="hand" float="true" forenormalimage="file='../../main/evaluate/btn_close.svg' dest='5,5,11.11'" normalimage="../../main/evaluate/control_bk_normal.svg" hotimage="../../main/evaluate/control_bk_hovered.svg" pushedimage="../../main/evaluate/control_bk_pressed.svg"/>
	<Class name="evaluate_vscrollbar" width="8" fadealpha="true" thumbnormalimage="file='../../public/vscrollbar/thumb_normal.png' corner='0,8,0,8'" thumbhotimage="file='../../public/vscrollbar/thumb_hovered.png' corner='0,8,0,8'" bkhotimage="file='../../public/vscrollbar/bk_hovered.png' corner='0,4,0,4'" showbutton1="false" showbutton2="false" />
	<!-- audio evaluate from -->
	<TextColor name="audio_evaluate_total_score_color" value="#FF979799"/>
	<TextColor name="audio_evaluate_subtitle_color" value="#FF1E2221"/>
	<TextColor name="audio_evaluate_tag_text_color" value="#FF233257"/>
	<TextColor name="audio_evaluate_tag_border_normal_color" value="#FFE7E7E7"/>
	<TextColor name="audio_evaluate_tag_border_selected_color" value="#FF7B7EFF"/>
	<TextColor name="audio_evaluate_tag_selected_color" value="#FFE7ECFF"/>
	<TextColor name="audio_evaluate_describe_text_color" value="#FFDDDDDD"/>
	<TextColor name="audio_evaluate_issue_describe_box_border_normal_color" value="#FFD9D9D9"/>
	<TextColor name="audio_evaluate_issue_describe_count_color" value="#FFABAFBD"/>
	<TextColor name="audio_report_failed_color" value="#FFFF4A4B"/>
	<Class name="audio_evaluate_subtitle" width="auto" height="auto" font="system_bold_14_600" margin="39,16,0,0"/>
	<Class name="audio_evaluate_tag" group="audio_evaluate_tag_group" width="auto" height="28" margin="0,0,8,0" textpadding="20,0,20,0" font="system_14" normaltextcolor="audio_evaluate_tag_text_color" normalcolor="white" selectednormalcolor="audio_evaluate_tag_selected_color" borderround="2,2" bordersize="1" bordercolor="audio_evaluate_tag_border_normal_color"/>
	<Class name="audio_evaluate_tag_box" group="audio_evaluate_tag_box_group" width="stretch" height="50" padding="16,0,16,0" margin="39,8,39,0" normalcolor="white" selectednormalcolor="audio_evaluate_tag_selected_color" borderround="2,2" bordersize="1" bordercolor="audio_evaluate_tag_border_normal_color" visible="false"/>
	<Class name="audio_evaluate_tag_box_label" width="auto" height="auto" font="system_bold_12_600" normaltextcolor="audio_evaluate_tag_text_color" valign="center" mouse="false"/>
	<Class name="audio_evaluate_tag_box_name_label" width="stretch" font="system_14" margin="24,0,16,0" endellipsis="true"/>
	<Class name="audio_evaluate_tag_box_score_label" halign="right"/>
	<Class name="audio_eveluate_btn" width="128" height="30" font="system_14" margin="0,28,0,0" halign="center" normaltextcolor="audio_evaluate_tag_text_color" normalimage="btn_normal.svg" pushedimage="btn_pushed.svg" cursortype="hand"/>
	<Class name="audio_evaluate_close_btn" width="16" height="16" cursortype="hand" forenormalimage="file='../../main/audio_evaluate/btn_close.svg' dest='5,5,11.11'" normalimage="../../main/audio_evaluate/control_bk_normal.svg" hotimage="../../main/audio_evaluate/control_bk_hovered.svg" pushedimage="../../main/audio_evaluate/control_bk_pressed.svg"/>
	<Class name="audio_report_result_icon" width="auto" height="auto" halign="center" margin="0,23,0,0"/>
	<Class name="audio_report_result_title" width="auto" height="auto" font="system_bold_14_600" halign="center" margin="0,16,0,0" normaltextcolor="black"/>
	<!-- screenshare watermark form-->
	<TextColor name="screenshare_watermark_title_color" value="#FF262626"/>
	<TextColor name="screenshare_watermark_text_color" value="#76D8D8D8"/>
	<Class name="screenshare_watermark_title_label" width="auto" height="auto" halign="center" valign="center" font="system_bold_14_600" normaltextcolor="screenshare_watermark_title_color" singleline="false"/>
	<Class name="screenshare_watermark_button" width="150" height="30" font="system_12_600" halign="center" margin="0,18,0,0"/>
	<Class name="screenshare_watermark_close_btn" width="16" height="16" cursortype="hand" forenormalimage="file='../screenshare/btn_close.svg' dest='5,5,11.11'" normalimage="../screenshare/control_bk_normal.svg" hotimage="../screenshare/control_bk_hovered.svg" pushedimage="../screenshare/control_bk_pressed.svg"/>
	<!--updater form-->
	<TextColor name="updater_title_color" value="#D9000000" />
	<TextColor name="updater_des_color" value="#FF858586"/>
	<TextColor name="updater_progress_bk_color" value="#FFD8D8D8"/>
	<TextColor name="updater_progress_fore_color" value="#FF01A8FF"/>
	<TextColor name="updater_logo_bkcolor" value="#FF00AFFF"/>
	<TextColor name="updater_logo_bkcolor1" value="#FF008FFF"/>
	<Class name="updater_logo_bk" width="100" height="100" bkcolor="updater_logo_bkcolor" bkcolor1="updater_logo_bkcolor1" margin="0,105,0,0" halign="center" borderround="3,3"/>
	<Class name="updater_title" font="system_bold_20" normaltextcolor="updater_title_color"/>
	<Class name="updater_des" font="system_12" normaltextcolor="black"/>
	<Class name="updater_progress" _value="0" margin="0,8,0,0" height="14" width="stretch" hor="true" max="100" min="0" bkcolor="updater_progress_bk_color" progresscolor="updater_progress_fore_color"/>
	<!-- invite form -->
	<TextColor name="invite_prompt_text_color" value="#FFB0AABE"/>
	<TextColor name="invite_member_name_text_color" value="#FF040405"/>
	<TextColor name="btn_invite_disabled_color" value="#7F007AFF"/>
	<TextColor name="invite_line_color" value="#4CA5ADBF"/>
	<TextColor name="invite_buttonbox_click_color" value="#fff5f9ff"/>
	<TextColor name="invite_buttonbox_normal_color" value="#00f5f9ff"/>
	<TextColor name="invite_search_no_result_text_color" value="#FF040405"/>
	<TextColor name="error_label_color" value="#FFFF1631"/>
	<TextColor name="invite_group_menu_bkcolor" value="#FFFFFFFF"/>
	<TextColor name="invite_group_menu_item_text_color" value="#E5000000"/>
	<TextColor name="invite_group_menu_item_hot_color" value="#FFF5F9FF"/>
	<Class name="invite_close_btn" width="16" height="16" cursortype="hand" forenormalimage="file='../invite/btn_close.svg' dest='5,5,11.11'" normalimage="../invite/control_bk_normal_16x16.svg" hotimage="../invite/control_bk_hovered_16x16.svg" pushedimage="../invite/control_bk_pressed_16x16.svg"/>
	<Class name="invite_checkbox" height="auto" width="auto" valign="center" margin="8,0,28,0"/>
	<Class name="invite_checkbox_directory" normalimage="checkbox_normal.svg" selectednormalimage="checkbox_selected.svg" selecteddisabledimage="checkbox_selected_disabled.svg"/>
	<Class name="invite_checkbox_member" normalimage="checkbox_member_normal.svg" selectednormalimage="checkbox_member_selected_normal.svg" selecteddisabledimage="checkbox_member_selected_disabled.svg"/>
	<Class name="invite_member_icon" height="22" width="22" valign="center" mouse="false" avatarType="inviteList"/>
	<Class name="invite_item_label" width="stretch" height="auto" textpadding="0,2,0,2" font="body2" margin="8" valign="center" align="left" normaltextcolor="high_emphasis_text" mouse="false"/>
	<Class name="invite_btn_delete" width="auto" height="auto" margin="8,0,8,0" valign="center" normalimage="../invite/icon_delete.svg" cursortype="hand"/>
	<Class name="invite_item_box" width="stretch" height="stretch" visible="false" hotcolor="main_bkimage" pushedcolor="main_bkimage"/>
	<Class name="invite_group_box" width="auto" height="stretch" mouse="false" visible="false"/>
	<Class name="invite_group_close_btn" width="auto" height="auto"/>
	<Class name="invite_image_btn" width="auto" height="auto" valign="center" cursortype="hand"/>
	<Class name="invite_label_btn" width="216" height="36" font="system_bold_12_600" halign="right" margin="0,20,92,0" borderround="2,2" enabled="false" drawtextfillpath="true" normaltextcolor="white" disabledtextcolor="white" normalcolor="btn_apply_color" hotcolor="btn_apply_hot_color" pushedcolor="btn_apply_pushed_color" disabledcolor="btn_invite_disabled_color" cursortype="hand"/>
	<Class name="invite_group_menu_item" width="stretch" height="stretch" normaltextcolor="invite_group_menu_item_text_color" padding="16,0,0,0" hotcolor="invite_group_menu_item_hot_color" borderround="2,2" cursortype="hand"/>
	<Class name="invite_group_menu_label" width="stretch" height="auto" font="system_14" valign="center" normaltextcolor="invite_group_menu_item_text_color"/>

	<!--AVC color longxi-->
	<TextColor name="fill_bkcolor" value="#fff4f5f8"/>
	<TextColor name="high_emphasis_text" value="#de000000"/>
	<!--87%-->
	<TextColor name="medium2_emphasis_text" value="#7A000000"/>
	<!--48%-->
	<TextColor name="medium_emphasis_text" value="#61000000"/>
	<!--38%-->
	<TextColor name="disable_text" value="#39000000"/>
	<!--22%-->
	<TextColor name="line_color" value="#1E000000"/>
	<!--12%-->
	<TextColor name="high_white_emphasis_text" value="#DEFFFFFF"/>
	<!--87%-->
	<TextColor name="medium_white_emphasis_text" value="#7AFFFFFF"/>
	<!--48%-->
	<TextColor name="primary" value="#ff007aff"/>
	<TextColor name="disabled_primary" value="#38007aff"/>
	<TextColor name="background" value="#fffafcff"/>
	<TextColor name="background2" value="#ffffffff"/>
	<TextColor name="surface" value="#ffffffff"/>
	<TextColor name="surface2" value="#fff5f9ff"/>
	<TextColor name="surface3" value="#fff2f6fe"/>
	<TextColor name="error" value="#fffd5d5c"/>
	<TextColor name="on_primary" value="#ffffffff"/>
	<TextColor name="on_background" value="#ff000000"/>
	<TextColor name="on_surface" value="#ff000000"/>
	<TextColor name="on_error" value="#ffffffff"/>
	<TextColor name="main_bkimage" value="#fff5f9ff"/>
	<!-- used as theme color -->
	<TextColor name="main_waiting_bkimage" value="#ff121212"/>
	<TextColor name="text_avatar_bkcolor" value="#ffC7C9D0"/>
	<TextColor name="btn_normal_color" value="#ffffffff"/>
	<TextColor name="btn_normal_color_gray" value="#FFECF1F8"/>
	<TextColor name="btn_normal_hot_color" value="#fff5f5f5"/>
	<TextColor name="btn_normal_pushed_color" value="#ffe0e0e0"/>
	<TextColor name="btn_apply_color" value="#FF007aff"/>
	<TextColor name="btn_apply_hot_color" value="#FF2096FF"/>
	<TextColor name="btn_apply_pushed_color" value="#FF0274D9"/>
	<TextColor name="btn_apply_disabled_color" value="#7F007AFF"/>
	<TextColor name="btn_main_leave_color" value="#0FFFFFFF"/>
	<TextColor name="btn_main_levae_text_color" value="#FFFD605F"/>

	<!--AVC color tangrui-->
	<!-- Brand color -->
	<TextColor name="brand_1" value="#FFE8F3FF"/>
	<!-- 浅色 悬浮 -->
	<TextColor name="brand_2" value="#FFBDDCFF"/>
	<!-- 文字禁用 -->
	<TextColor name="brand_3" value="#FF93C9FF"/>
	<!-- 一般禁用 -->
	<TextColor name="brand_4" value="#FF7AB9FF"/>
	<!-- 特殊场景 -->
	<TextColor name="brand_5" value="#FF3294FF"/>
	<!-- 悬浮 -->
	<TextColor name="brand_6" value="#FF007AFF"/>
	<!-- 常规 -->
	<TextColor name="brand_7" value="#FF0063CF"/>
	<!-- 点击 -->
	<TextColor name="brand_fill_1" value="#19E8F3FF"/>
	<!-- 浅色 悬浮 -->
	<TextColor name="brand_fill_2" value="#19BDDCFF"/>
	<!-- 文字禁用 -->
	<TextColor name="brand_fill_3" value="#1993C9FF"/>
	<!-- 一般禁用 -->
	<TextColor name="brand_fill_4" value="#197AB9FF"/>
	<!-- 特殊场景 -->
	<TextColor name="brand_fill_5" value="#193294FF"/>
	<!-- 悬浮 -->
	<TextColor name="brand_fill_6" value="#19007AFF"/>
	<!-- 常规 -->
	<TextColor name="brand_fill_7" value="#190063CF"/>
	<!-- 点击 -->
	<!-- Neutral color -->
	<!-- 线条line -->
	<TextColor name="line_1" value="#FFF2F3F5"/>
	<!-- 浅 -->
	<TextColor name="line_2" value="#FFE5E6EB"/>
	<!-- 一般 -->
	<TextColor name="line_3" value="#FFC9CDD4"/>
	<!-- 深/悬浮 -->
	<TextColor name="line_4" value="#FF86909C"/>
	<!-- 重/按钮描边 -->
	<!-- 填充fill -->
	<TextColor name="fill_1" value="#FFFFFFFF"/>
	<!-- 大卡片悬浮 -->
	<TextColor name="fill_2" value="#FFF5F9FF"/>
	<!-- 大背景 -->
	<TextColor name="fill_3" value="#FFEDF2F9"/>
	<!-- 一般/常规/悬浮 -->
	<TextColor name="fill_4" value="#FFE6ECF5"/>
	<!-- 深/灰底悬浮 -->
	<TextColor name="fill_5" value="#FFDEE0E3"/>
	<!-- 一般/常规 -->
	<TextColor name="fill_6" value="#FFD0DAEA"/>
	<!-- 重/特殊场景 -->
	<TextColor name="fill_7" value="#FF4E5969"/>
	<!-- 强调/图标/特殊场景 -->
	<!-- 文字text -->
	<TextColor name="text_1" value="#FFFFFFFF"/>
	<!-- 特殊 -->
	<TextColor name="text_2" value="#FFC9CDD4"/>
	<!-- 置灰信息 -->
	<TextColor name="text_3" value="#FF86909C"/>
	<!-- 次要信息 -->
	<TextColor name="text_4" value="#FF4E5969"/>
	<!-- 次强调/正文标题 -->
	<TextColor name="text_5" value="#FF1D2129"/>
	<!-- 强调/正文标题 -->
	<!-- Functional color -->
	<!-- 成功success -->
	<TextColor name="succcess_1" value="#FFE8FFEA"/>
	<!-- 浅色背景 -->
	<TextColor name="succcess_2" value="#FFAFF0B5"/>
	<!-- 特殊背景 -->
	<TextColor name="succcess_3" value="#FF7BE188"/>
	<!-- 禁用 -->
	<TextColor name="succcess_4" value="#FF23C343"/>
	<!-- 悬浮 -->
	<TextColor name="succcess_5" value="#FF00B42A"/>
	<!-- 常规 -->
	<TextColor name="succcess_6" value="#FF009A29"/>
	<!-- 点击 -->
	<!-- 提示warning -->
	<TextColor name="warning_1" value="#FFFFF7EB"/>
	<!-- 浅色背景 -->
	<TextColor name="warning_2" value="#FFFFE4BA"/>
	<!-- 特殊背景 -->
	<TextColor name="warning_3" value="#FFFFCF8B"/>
	<!-- 禁用 -->
	<TextColor name="warning_4" value="#FFFFAA22"/>
	<!-- 悬浮 -->
	<TextColor name="warning_5" value="#FFFF8A00"/>
	<!-- 常规 -->
	<TextColor name="warning_6" value="#FFD97500"/>
	<!-- 点击 -->
	<!-- 错误error -->
	<TextColor name="error_1" value="#FFFFECE8"/>
	<!-- 浅色背景 -->
	<TextColor name="error_2" value="#FFFDCDC5"/>
	<!-- 特殊背景 -->
	<TextColor name="error_3" value="#FFFBACA3"/>
	<!-- 禁用 -->
	<TextColor name="error_4" value="#FFFD5D5C"/>
	<!-- 悬浮 -->
	<TextColor name="error_5" value="#FFF53F3F"/>
	<!-- 常规 -->
	<TextColor name="error_6" value="#FFCB2634"/>
	<!-- 点击 -->
	<!-- Auxiliary color -->
	<!-- 青色cyan -->
	<TextColor name="cyan_1" value="#FFE3FCF7"/>
	<!-- 浅色背景 -->
	<TextColor name="cyan_2" value="#FFA7F6E9"/>
	<!-- 特殊背景 -->
	<TextColor name="cyan_3" value="#FF6CE4CF"/>
	<!-- 禁用 -->
	<TextColor name="cyan_4" value="#FF27DEBD"/>
	<!-- 悬浮 -->
	<TextColor name="cyan_5" value="#FF01C7A3"/>
	<!-- 常规 -->
	<TextColor name="cyan_6" value="#FF00A688"/>
	<!-- 点击 -->
	<!-- 紫色purple -->
	<TextColor name="purple_1" value="#FFF3EFF"/>
	<!-- 浅色背景 -->
	<TextColor name="purple_2" value="#FFD7C8FF"/>
	<!-- 特殊背景 -->
	<TextColor name="purple_3" value="#FFB79EFF"/>
	<!-- 禁用 -->
	<TextColor name="purple_4" value="#FF9E7CFF"/>
	<!-- 悬浮 -->
	<TextColor name="purple_5" value="#FF8B62FF"/>
	<!-- 常规 -->
	<TextColor name="purple_6" value="#FF7344FB"/>
	<!-- 点击 -->

	<!--AVC font-->
	<Font id="title1" name="system" size="24" weight="600"/>
	<Font id="title2" name="system" size="20" weight="500"/>
	<Font id="title3" name="system" size="16" weight="600"/>
	<Font id="title4" name="system" size="12" weight="600"/>
	<Font id="title5" name="system" size="14" weight="600"/>
	<Font id="subtitle1" name="system" size="14" weight="400"/>
	<Font id="body1" name="system" size="16" weight="400"/>
	<Font id="body2" name="system" size="14" weight="400"/>
	<Font id="body3" name="system" size="18" weight="400"/>
	<Font id="caption" name="system" size="12" weight="400"/>
	<Font id="button" name="system" size="16" weight="600"/>
	<Font id="button2" name="system" size="14" weight="600"/>
	<Font id="avatar" name="system" size="48" weight="500"/>
	<Font id="system_40_500" name="system" size="40" weight="500"/>

	<!--AVC general class-->
	<Class name="splitline" bkcolor="line_color" width="stretch" height="1"/>
	<Class name="loading_label" width="auto" height="stretch" font="button" normaltextcolor="on_primary" align="vcenter" mouse="false"/>
	<Class name="blue_btn" textclass="loading_label" width="327" height="40" normalcolor="primary" hotcolor="btn_apply_hot_color" pushedcolor="btn_apply_pushed_color" disabledcolor="btn_apply_disabled_color" cursortype="hand" borderround="2,2"/>
	<Class name="rich_edit_box" richeditclass="rich_edit_box_content" width="327" height="40" borderround="2,2" bordersize="1" bordercolor="disable_text" halign="center"/>
	<Class name="toast_content" font="body2" normaltextcolor="text_5" margin="10,0,0,0"/>
	<Class name="loading_white_24x24" width="24" height="24" margin="0,0,8,0" loadingimage="../login/loading_white_24x24.svg" visible="false" valign="center" mouse="false"/>
	<Class name="loading_gray_24x24" width="24" height="24" margin="0,0,8,0" loadingimage="../login/loading_gray_24x24.svg" visible="false" valign="center" mouse="false"/>
	<Class name="error_btn" normaltextcolor="on_error" normalcolor="error" cursortype="hand" borderround="2,2"/>
	<Class name="white_btn_state" normalcolor="btn_normal_color" hotcolor="btn_normal_hot_color" pushedcolor="btn_normal_pushed_color"/>
	<Class name="white_chk_state" selectednormalcolor="btn_normal_color" selectedhotcolor="btn_normal_hot_color" selectedpushedcolor="btn_normal_pushed_color"/>
	<Class name="btn_form_close" width="34" height="24" forenormalimage="file='../public/button/btn_close.svg' dest='11,6,23,18'" hotcolor="error"/>
	<Class name="btn_form_min" width="34" height="24" forenormalimage="file='../public/button/btn_min.svg' dest='11,6,23,18'" hotcolor="btn_normal_color"/>
	<Class name="btn_gray_state" normalcolor="fill_3" hotcolor="fill_4" pushedcolor="fill_5"/>
	<Class name="btn_gray_text" class="btn_gray_state" width="auto" height="auto" textpadding="24,8,24,8" normaltextcolor="text_5" cursortype="hand" borderround="2,2"/>
	<Class name="btn_blue_state" normalcolor="brand_6" hotcolor="brand_5" pushedcolor="brand_7" disabledcolor="brand_3"/>
	<Class name="btn_blue_text" class="btn_blue_state" width="auto" height="auto" textpadding="24,8,24,8" normaltextcolor="text_1" cursortype="hand" borderround="2,2"/>

	<!-- login form -->
	<Class name="login_loading_label" width="auto" height="stretch" font="button" normaltextcolor="primary" align="vcenter" mouse="false"/>
	<Class name="login_white_btn" hotcolor="surface" pushedcolor="surface" normalcolor="surface" bordersize="0" bordercolor="disable_text" textclass="login_loading_label"/>
	<Class name="edit_auth_code" bkcolor="disable_text" width="stretch" height="1"/>
	<Class name="auth_code" width="40" height="40" font="title3" normaltextcolor="high_emphasis_text" bordercolor="disable_text" borderround="2,2" bordersize="1" number="true" maxchar="1" align="hcenter vcenter" caretcolor="primary" readonly="true"/>
	<Class name="auth_code_normal" bordersize="1" bkcolor="surface"/>
	<Class name="auth_code_selected" bordersize="0" bkcolor="fill_bkcolor"/>
	<Class name="rich_edit_box_content" class="simple" margin="16" font="body2" align="vcenter" normaltextcolor="high_emphasis_text" promptcolor="disable_text" caretcolor="primary" maxchar="18"/>
	<Class name="rich_edit_box_content_16x16" class="rich_edit_box_content" font="body1" />
	<Class name="text_delete_btn" width="auto" height="auto" margin="16,0,16,0" valign="center" normalimage="../public/button/icon_text_delete.svg" cursortype="hand" visible="false"/>
	<Class name="label_reapply_code" width="auto" height="auto" font="body2" normaltextcolor="primary"/>
	<Class name="control_small_loading" width="18" height="18" loadingimage="../login/loading_18x18.svg"/>
	<Class name="rich_edit_email_content" class="rich_edit_box_content" prompttextid="login_hint_email"/>
	<Class name="qrcode_option" cursortype="hand" group="qrcode_options" width="68" height="26" selectednormalcolor="fill_7" normaltextcolor="text_4" selectedtextcolor="white" />
	<!-- main form -->
	<Class name="btn_box_home_page" class="white_btn_state" width="158" height="136" borderround="2,2" boxshadow="color='room_btn_tools_shadow' offset='0,1' blursize='8' exclude='true'" cursortype="hand"/>
	<Class name="btn_box_home_page_icon" width="44" height="44" halign="center" margin="0,31,0,0" mouse="false"/>
	<Class name="btn_box_home_page_text" font="button2" width="auto" height="auto" halign="center" margin="0,83,0,0" normaltextcolor="high_emphasis_text" mouse="false"/>
	<Class name="avatar_account_center" avatarType="accountcenter" avatar="" font="title3" width="32" height="32" valign="center" normaltextcolor="on_primary" bkcolor="text_avatar_bkcolor"/>
	<Class name="hbox_account_center" width="stretch" height="auto" margin="24,16,24,0"/>
	<Class name="label_account_center" font="body2" width="auto" height="auto" normaltextcolor="high_emphasis_text" valign="center"/>
	<Class name="label_bind_account" font="body2" width="stretch" height="auto" margin="12,0,12,0" endellipsis="true" normaltextcolor="high_emphasis_text" valign="center"/>
	<Class name="loading_btn_label_account_center" textpadding="0,0,2,0" font="body2" width="auto" height="auto" normaltextcolor="high_emphasis_text" valign="center" normaltextcolor="primary" mouse="false"/>
	<Class name="loading_btn_label_logout" font="body2" width="auto" height="auto" textpadding="0,0,2,2" normaltextcolor="high_emphasis_text" valign="center" normaltextcolor="error" mouse="false"/>
	<Class name="loading_btn_account_center" width="auto" height="26" textclass="loading_btn_label_account_center" loadingclass="loading_gray_24x24" cursortype="hand"/>
	<Class name="loading_btn_logout" width="auto" height="26" textclass="loading_btn_label_logout" loadingclass="loading_gray_24x24" textid="profile_log_out" margin="0,12,0,24" halign="center" cursortype="hand"/>
	<Class name="loading_btn_unregister" width="auto" height="26" textclass="loading_btn_label_logout" loadingclass="loading_gray_24x24" textid="profile_delete_account" margin="20,12,0,24" halign="center" cursortype="hand"/>
	<Class name="label_meeting_icon_text" width="auto" height="auto" margin="12,-4,0,0" valign="center" font="subtitle1" normaltextcolor="medium_emphasis_text"/>
	<Class name="label_copy_link_text" textid="homepage_copy_button" width="auto" height="auto" font="button2" valign="center" normaltextcolor="primary"/>
	<Class name="meeting_info_avatar" avatarType="meetinginfo" width="38" height="38" font="title4" normaltextcolor="on_primary" bkcolor="text_avatar_bkcolor"/>
	<Class name="label_meeting_list_more" font="body2" width="38" height="38" align="left vcenter" textpadding="0,0,0,2" normaltextcolor="high_emphasis_text" normalimage="icon_avatar_more_bkimage.svg"/>
	<Class name="room_id_item" class="white_btn_state" width="342" height="34" font="body2" textpadding="16,0,0,0" normaltextcolor="high_emphasis_text" selectednormalcolor="primary"/>
	<Class name="room_id_combo_fixed_btn" class="white_btn_state" width="342" height="34" textid="clear_histtory" font="system_bold_12_500" normaltextcolor="primary" textpadding="16,0,0,0"/>
	<Class name="combo_room_id" width="20" height="stretch" margin="12,0,0,0" posoffset="-310" fixedbtnclass="room_id_combo_fixed_btn" dropboxsize="342,385" arrowoffset="0" painttext="false" arrownormalimage="../public/combo/arrow_normal.svg" arrowhotimage="../public/combo/arrow_normal.svg" cursortype="hand" visible="false"/>
	<Class name="main_more_menu_item" class="white_btn_state" width="stretch" height="32" padding="6,0,0,0" borderround="2,2" cursortype="hand"/>
	<Class name="main_more_menu_label" width="stretch" height="auto" font="body2" valign="center" normaltextcolor="high_emphasis_text"/>
	<Class name="msg_box" width="stretch" height="stretch" bkcolor="disable_text" visible="false" float="true"/>
	<Class name="msg_box_control_loading" width="50" height="50" loadingimage="../msgbox/loading.svg" halign="center" valign="center"/>
	<!-- join room form -->
	<Class name="join_room_label" width="auto" height="auto" font="body2" normaltextcolor="high_emphasis_text" halign="center"/>
	<Class name="avatar_preview" avatarType="preview" width="120" height="120" font="avatar" halign="center" visible="false"/>
	<Class name="join_room_input_tips_icon" width="16" height="16" normalimage="../main/icon_error.svg" valign="center"/>
	<Class name="join_room_input_tips" width="auto" height="auto" font="caption" normaltextcolor="error" valign="center"/>
	<Class name="btn_join_room_media_setting" width="44" height="44" selected="true" cursortype="hand"/>
	<Class name="btn_device_swicth" width="20" height="44" halign="right" cursortype="hand" normalimage="../main/btn_devide_switch.svg"/>
	<Class name="join_room_body1_label" width="auto" height="auto" font="body1" normaltextcolor="high_emphasis_text"/>
	<Class name="join_room_body2_label" width="auto" height="auto" font="body2" normaltextcolor="high_emphasis_text"/>
	<Class name="button2_label" font="button2"/>
	<Class name="join_room_caption_label" width="auto" height="auto" font="caption" normaltextcolor="high_emphasis_text"/>
	<Class name="join_room_device_opiton" group="device_option_list" textpadding="22" width="stretch" height="auto" font="body2" align="left" endellipsis="true" normaltextcolor="high_emphasis_text" normalimage="file='../main/checkbox_device_normal.svg' dest='0,3,14,17'" selectednormalimage="file='../main/checkbox_device_selected_normal.svg' dest='0,3,14,17'" cursortype="hand"/>
	<Class name="join_room_set_pwd_title" width="auto" height="auto" font="title3" normaltextcolor="on_background" halign="center"/>
	<Class name="join_room_edit_pwd_content" width="stretch" height="30" align="vcenter" normaltextcolor="high_emphasis_text" promptcolor="disable_text" caretcolor="primary" maxchar="18" multiline="false" autohscroll="true" wantreturnmsg="true" wanttab="false" rich="false" margin="5" font="body2" prompttextid="join_passcode_input_hint"/>
	<Class name="join_room_set_pwd_btn_cancel" cursortype="hand" borderround="3,3" font="button2" width="96" height="36" normaltextcolor="high_emphasis_text" normalcolor="popover_color_0" hotcolor="popover_color_1" pushedcolor="popover_color_2"/>
	<Class name="join_room_set_pwd_btn_ok" cursortype="hand" borderround="3,3" font="button2" normaltextcolor="on_primary" width="96" height="36" normalcolor="popover_color_3" hotcolor="popover_color_4" pushedcolor="popover_color_5"/>
	<Class name="join_room_set_pwd_btn_save" font="button2" normaltextcolor="on_primary" width="auto" height="auto" valign="center"/>
	<Class name="join_room_describe" font="system_12" valign="center" textpadding="10,4,10,4" margin="8,0,0,0" normaltextcolor="medium_emphasis_text" borderround="2,2" endellipsis="true"/>
	<!-- custom popover -->
	<Class name="device_list_setting_button" width="232" height="auto" textpadding="12,11,12,11" font="body2" align="left" margin="0,12,0,0" normaltextcolor="text_5" bordercolor="line_2" bordersize="0,1,0,0" cursortype="hand"/>
	<!-- upload log form -->
	<Class name="upload_log_time_combo_box" width="auto" height="36" bkcolor="fill_1" combodateclass="upload_log_date_combo" comboclockclass="upload_log_clock_combo" combodateitemclass="upload_log_combo_date_item" comboclockitemclass="upload_log_combo_clock_item"/>
	<Class name="upload_log_combo" height="36" textpadding="12,6,12,6" normalbordercolor="line_3" normalimage="" hotimage="" hotbordercolor="brand_6" pushedbordercolor="brand_6" bordersize="1" cursortype="hand" borderround="2,2"/>
	<Class name="upload_log_date_combo" class="upload_log_combo" width="144"/>
	<Class name="upload_log_clock_combo" class="upload_log_combo" width="100" margin="8,0,0,0"/>
	<Class name="upload_log_combo_item" height="36" textpadding="12,6,12,6" font="body2" align="left" normaltextcolor="text_5" normalcolor="fill_1" hotcolor="fill_2" pushedcolor="fill_3" selectednormalcolor="fill_3" cursortype="hand"/>
	<Class name="upload_log_combo_date_item" class="upload_log_combo_item" width="144"/>
	<Class name="upload_log_combo_clock_item" class="upload_log_combo_item" width="100"/>
</Global>