<?xml version="1.0" encoding="utf-8"?>
<Window>
	<VBox class="network_status_root">
		<RichEdit class="network_status_biz" name="edit_biz_status" textid="room_rtm_disconnected" margin="16,12,16,12"/>
		<Control class="splitline_hor_level1" name="splitline"/>
		<VBox class="network_status_media_box" name="network_status_media_box" margin="16,0,16,12">
			<Label class="network_status_media" name="label_media_status" textid="media_quality_unknown"/>
			<HBox width="stretch" height="auto" childmargin="4">
				<Label class="network_status_media_detail" name="label_media_latency_des" textid="media_latency_in" align="right"/>
				<Label class="network_status_media_detail" name="label_media_latency" text="0ms" align="left"/>
			</HBox>
			<HBox width="stretch" height="auto" childmargin="4">
				<Label class="network_status_media_detail" name="label_media_lossrate_des" textid="media_packet_in" align="right"/>
				<Label class="network_status_media_detail" name="label_media_down_lossrate" textid="media_receive" align="left"/>
			</HBox>
			<HBox width="stretch" height="auto" childmargin="4">
				<Control width="stretch"/>
				<Label class="network_status_media_detail" name="label_media_up_lossrate" textid="media_send" align="left"/>
			</HBox>
		</VBox>
	</VBox>
</Window>