<?xml version="1.0" encoding="utf-8"?>
<Window size="344,452" caption="0,0,0,20" shadowcorner="10,10,10,10">
  <VBox bkcolor="white">
    <VBox width="314" height="360" bordersize="1" margin="20,20,20,20" bordercolor="setting_user_plan_border_color" padding="20,8,10,14">
      <HBox height="35">
        <Control width="auto" height="auto" valign="center" bkimage="../main/logo.svg"/>
        <Label width="auto" height="auto" textid="setting_title_user_agreement" font="system_20" valign="center" margin="8" normaltextcolor="black"/>
      </HBox>
        <RichEdit name="info" width="stretch" height="stretch"
          multiline="true" vscrollbar="true" autovscroll="true"
          normaltextcolor="black" wantreturnmsg="true" rich="true" font="system_12" readonly="true"/>
    </VBox>
    <Button class="setting_button setting_user_experience_button" textid="terminate_button" name="btn_terminate" halign="center" margin="0,0,0,0"/>
  </VBox>
</Window>