<?xml version="1.0" encoding="UTF-8"?>
<Window shadowcorner="10,10,10,10" shadowattached="true" size="600,420" caption="0,0,0,34">
	<VBox name="box_root" width="600" height="auto" bkcolor="fill_1">
		<Label width="auto" height="auto" textid="setting_title_log" font="title3" normaltextcolor="text_5" margin="24,16,24,0"/>
		<Label width="auto" height="auto" textid="upload_log_tips" font="caption" normaltextcolor="text_3" margin="24,8,24,0" singleline="false" maxwidth="stretch"/>		
    <Control width="stretch" height="1" margin="0,16,0,0" bkcolor="line_3"/>
		<Label width="auto" height="auto" textid="select_time_period" font="title3" normaltextcolor="text_5" margin="24,22,24,0"/>
		<HBox height="36" width="stretch" margin="24,14,24,0">
      <TimeSelectCombo class="upload_log_time_combo_box" name="time_combo_start"/>
			<Control />
      <Label width="auto" height="auto" textid="upload_log_to" font="body2" normaltextcolor="text_5" valign="center"/>
      <Control />
      <TimeSelectCombo class="upload_log_time_combo_box" name="time_combo_end"/>
		</HBox>
    <HBox name="box_end_time_error" width="stretch" height="24" margin="24,174,24,0" visible="false" float="true">
      <Control width="auto" height="auto" bkimage="../main/icon_error.svg" valign="center"/>
      <Label name="label_end_time_error" width="auto" height="auto" textid="time_cannot_early_start" font="body2" normaltextcolor="error_5" margin="6" valign="center"/>
    </HBox>
    <HBox name="box_start_time_error" width="stretch" height="24" margin="24,174,24,0" visible="false" float="true">
      <Control width="auto" height="auto" bkimage="../main/icon_error.svg" valign="center"/>
      <Label name="label_start_time_error" width="auto" height="auto" textid="time_cannot_early_current" font="body2" normaltextcolor="error_5" margin="6" valign="center"/>
    </HBox>
    <Label width="auto" height="auto" textid="dump_describe" font="title3" normaltextcolor="text_5" margin="24,34,24,0"/>
		<VBox name="box_issue_describe" width="stretch" height="82" margin="24,22,24,0" bordersize="1" bordercolor="line_3" borderround="2,2">
			<RichEdit name="edit_issue_describe" font="body2" padding="12,8,8,0" margin="1,1,0,1" multiline="true" maxchar="140" autovscroll="true" vscrollbar="true" prompttextid="dump_describe" promptcolor="text_2" normaltextcolor="text_5" wantreturnmsg="true" rich="false" caretcolor="brand_6"/>
			<Label name="label_describe_count" width="auto" height="auto" margin="0,4,8,4" text="0/140" font="caption" normaltextcolor="text_3" halign="right"/>
		</VBox>
		<HBox height="auto" width="auto" margin="0,32,24,16" halign="right">
			<Button class="btn_gray_text" name="btn_cancle" textid="cancel_button" font="body2"/>
			<Button class="btn_blue_text" name="btn_submit" textid="upload_log_button" font="body2" margin="12" loadingimage="./public/animation/loading_white.svg"/>
		</HBox>
		<PopoverLayer name="popover_layer"/>
	</VBox>
</Window>