<?xml version="1.0" encoding="utf-8"?>
<Window size="578,548" caption="0,0,0,20" shadowcorner="10,10,10,10">
  <VBox bkcolor="white">
    <VBox width="538" height="456" bordersize="1" margin="20,20,20,20" bordercolor="setting_user_plan_border_color" padding="25,21,25,21">
      <HBox height="auto">
        <Control width="auto" height="auto" valign="center" bkimage="../main/logo.svg"/>
        <Label width="auto" height="auto" textid="setting_user_experience" font="system_20" margin="8" normaltextcolor="black"/>
      </HBox>
        <RichEdit name="info" width="stretch" height="stretch"
          multiline="true" vscrollbar="true" autovscroll="true"
          normaltextcolor="black" wantreturnmsg="true" rich="true" font="system_12" readonly="true"/>
    </VBox>
    <HBox height="auto" margin="0,10,20,30">
      <Control />
      <Button class="setting_button setting_user_experience_button" textid="disagree_button" name="btn_disagree"/>
      <Button class="setting_button setting_user_experience_button" textid="agree_button" margin="16" name="btn_agree"/>
    </HBox>
  </VBox>
</Window>