<?xml version="1.0" encoding="UTF-8"?>
<Window>
  <RoomParticipantsItem width="strtch" height="60">
      <VBox>
         <HBox padding="24,0,22,0" height="30">
            <Box width="stretch" height="stretch" valign="center">
               <Button class="white_btn_state" name="btn_assistant" textid="as_name" width="auto" height="auto" font="button2" margin="2" normaltextcolor="control_theme_color" textpadding="10,4,10,4" boxshadow="color='participants_shadow_color' offset='0,1' blursize='4' exclude='false'" valign="center" normalcolor="white" hotcolor="participants_btn_hot_color" pushedcolor="participants_btn_pushed_color" borderround="2,2" visible="false" cursortype="hand"/>
               <RichEdit name="rich_participant_name" width="stretch" valign="center" height="auto" font="button2" rich="true" multiline="false" normaltextcolor="high_emphasis_text" readonly="true"/>
            </Box>
            <HBox width="auto" minwidth="118">
               <HBox width="auto" height="stretch" name="box_control_btn" visible="false">
                  <Box width="auto" height="auto" valign="center">
                     <Button class="participants_status_btn" name="btn_audio" margin="0" forenormalimage="../participants/control_mic_mute.svg"/>
                     <AudioProgress class="participants_audio_progress" name="progress_audio" value="30"/>
                  </Box>
                  <Button class="participants_status_btn" name="btn_video" forenormalimage="../participants/control_close_camera.svg"/>
                  <Button class="participants_status_btn" name="btn_kick_out" forenormalimage="../participants/control_kick.svg"/>
               </HBox>
               <HBox name="box_assistant_leave" width="auto" height="stretch" visible="false">
                  <Control width="auto" height="auto" bkimage="../participants/assistant_leave.svg" valign="center"/>
                  <Label width="auto" height="auto" textid="as_close_leave_prompt" font="system_12" valign="center" normaltextcolor="participants_assistant_leave_label_color" disabledtextcolor="participants_assistant_leave_label_color"/>
               </HBox>
               <Control name="icon_host" width="30" height="30" margin="14,0,0,0" bkimage="../participants/control_host.svg" visible="false" valign="center"/>
               <Box name="box_inviting_member" width="auto" height="stretch" visible="false">
                  <Button class="participants_status_btn" margin="0" name="btn_invite" forenormalimage="../participants/control_hang_up.svg" visible="false"/>
                  <LoadingProgress class="participants_loading_progress" name="progress_invite_loading"/>
               </Box>
            </HBox>
         </HBox>
         <HListBox height="auto" padding="24,0,0,0" margin="0,6,0,0" hscrollbar="true">
            <Label class="participants_status_tag" name="label_no_enterprise" textid="external_member" visible="false"/>
            <Label class="participants_status_tag" name="label_temporary_leave" textid="answer_phone" visible="false"/>
            <Label class="participants_status_tag" name="label_cloud_recording" textid="participants_tag_cloud" visible="false"/>
            <Label class="participants_status_tag" name="label_issue_report" textid="participants_tag_dump" visible="false"/>
            <Label class="participants_status_tag" name="label_screen_sharing" textid="participants_tag_screen" visible="false"/>
         </HListBox>
      </VBox>
  </RoomParticipantsItem>
</Window>