<?xml version="1.0" encoding="UTF-8"?>
<Window>
    <VListBox width="128" height="60" bkcolor="invite_group_menu_bkcolor" padding="6,6,6,6">
        <MenuElement class="invite_group_menu_item" name="update">
            <Label class="invite_group_menu_label" textid="group_manage"/>
        </MenuElement>
        <MenuElement class="invite_group_menu_item" name="delete">
            <Label class="invite_group_menu_label" textid="group_delete_mobile"/>
        </MenuElement>
    </VListBox>
</Window>