<?xml version="1.0" encoding="UTF-8"?>
<Window size="768,584" caption="0,0,0,34" shadowcorner="10,10,10,10" shadowattached="true">
    <VBox bkcolor="bk_wnd_lightcolor" width="stretch" height="stretch">
    	<WaterMarkControl name="control_water_mark" width="stretch" height="stretch" float="true" halign="center" valign="center" normaltextcolor="screenshare_watermark_text_color" font="system_12_400" columnspace="200" linespace="100" angle="-20"/>
        <VBox name="box_address_book">
            <HBox>
                <VBox width="stretch" height="stretch">
                    <HBox name="box_search" width="336" height="36" borderround="2,2" margin="24,24,28,8" bkcolor="main_bkimage">
                        <Control width="auto" height="auto" bkimage="../participants/icon_search.svg" valign="center" margin="12,0,12,0"/>
                        <RichEdit class="simple" name="richedit_search" font="body2" align="vcenter" caretcolor="control_theme_color" normaltextcolor="high_emphasis_text" prompttextid="participants_search" promptcolor="medium_emphasis_text"/>
                        <Button class="invite_btn_delete" name="btn_delete" visible="false"/>
                    </HBox>
                    <VirtualInviteFormBox name="virtual_box_members_list" width="stretch" height="stretch" vscrollbar="true" vscrollunit="40" column="1" itemsize="385,40">
                    </VirtualInviteFormBox>
                    <Box name="box_loading" width="stretch" height="stretch" visible="false">
                        <Control name="control_loading" width="20" height="20" loadingimage="loading.svg" valign="center" halign="center"/>
                    </Box>
                    <Box name="box_no_search_result" width="stretch" height="stretch" visible="false">
                        <Label textid="participants_search_not_found" font="system_14" width="auto" height="auto" normaltextcolor="invite_search_no_result_text_color" halign="center" valign="top" margin="0,16,0,0"/>
                    </Box>
                </VBox>
                <Control width="1" height="stretch" bkcolor="line_color"/>
                <VBox width="stretch" height="stretch">
                    <Button class="invite_close_btn" name="btn_close" float="true" halign="right" margin="0,12,12,0"/>
                    <Label name="label_seleced_members_prompt" width="auto" height="auto" textid="invite_no_chosen" font="system_14" margin="28,36,0.8" normaltextcolor="medium_emphasis_text"/>
                    <VirtualInviteFormBox name="box_invite_members_list" width="stretch" height="stretch" vscrollbar="true" vscrollunit="40" column="1" itemsize="385,40">
                    </VirtualInviteFormBox>
                    <Button name="btn_invite" width="216" height="36" textid="invite_call_button_hover" font="button2" halign="center" margin="0,8,0,18" borderround="2,2" enabled="false" drawtextfillpath="true" normaltextcolor="white" disabledtextcolor="white" normalcolor="btn_apply_color" hotcolor="btn_apply_hot_color" pushedcolor="btn_apply_pushed_color" disabledcolor="btn_invite_disabled_color" cursortype="hand"/>
                </VBox>
            </HBox>
            <Control width="stretch" height="1" bkcolor="line_color"/>
            <HBox width="stretch" height="50">
                <Label textid="room_info_agora_invite" width="auto" height="auto" valign="center" font="system_14" normaltextcolor="medium_emphasis_text" margin="24"/>
                <Button class="roominfo_popover_btn_copylink" name="btn_copy_link" font="system_14" valign="center" margin="16"/>
            </HBox>
        </VBox>
        <VBox name="box_group" visible="false">
            <VBox width="stretch" height="131" padding="28,18,0,0">
                <Button class="invite_close_btn" name="btn_back" float="true" halign="right" margin="0,7,25,0"/>
                <Label name="label_title" textid="group_create" font="system_bold_18_600" width="auto" height="auto" normaltextcolor="invite_member_name_text_color"/>
                <HBox width="stretch" height="auto" margin="0,26,0,0">
                    <Label textid="group_name_mobile" font="system_bold_14_600" width="auto" height="auto" margin="0,0,12,0"/>
                    <Control width="auto" height="auto" valign="center" bkimage="icon_write.svg"/>
                    <RichEdit class="simple" name="edit_group_name" width="stretch" height="20" font="system_14" caretcolor="control_theme_color" maxchar="30" margin="6" valign="center" normaltextcolor="invite_search_no_result_text_color" prompttextid="group_name_create" promptcolor="invite_prompt_text_color"/>
                </HBox>
                <Box width="stretch" height="16">
                    <Label name="label_group_modify_error" width="auto" height="auto" textid="group_name_error" font="system_10" valign="center" normaltextcolor="error_label_color" visible="false"/>
                </Box>
                <Label textid="group_member_list" font="system_bold_14_600" width="auto" height="auto"/>
            </VBox>
            <HBox width="736" height="380" margin="16" bordersize="1" bordercolor="line_color" borderround="2,2">
                <VBox width="stretch" height="stretch">
                    <HBox name="box_group_search" width="328" height="36" borderround="2,2" bordersize="0" bkcolor="main_bkimage" bordercolor="invite_prompt_text_color" margin="12,12,0,8">
                        <Control width="auto" height="auto" bkimage="../participants/icon_search.svg" valign="center" margin="12,0,12,0"/>
                        <RichEdit class="simple" name="richedit_group_search" font="body2" align="vcenter" caretcolor="control_theme_color" normaltextcolor="high_emphasis_text" prompttextid="participants_search" promptcolor="disable_text"/>
                        <Button class="invite_btn_delete" name="btn_group_search_delete" visible="false"/>
                    </HBox>
                    <VirtualInviteFormBox name="virtual_box_group_members_list" width="stretch" height="stretch" vscrollbar="true" vscrollunit="40" column="1" itemsize="368,40">
                    </VirtualInviteFormBox>
                    <Box name="box_group_loading" width="stretch" height="stretch" visible="false">
                        <Control name="control_group_loading" width="20" height="20" loadingimage="loading.svg" valign="center" halign="center"/>
                    </Box>
                    <Box name="box_group_no_search_result" width="stretch" height="stretch" visible="false">
                        <Label textid="participants_search_not_found" font="system_14" width="auto" height="auto" normaltextcolor="invite_search_no_result_text_color" halign="center" valign="top" margin="0,16,0,0"/>
                    </Box>
                </VBox>
                <Control width="1" height="stretch" bkcolor="line_color"/>
                <VBox width="stretch" height="stretch">
                    <Label name="label_group_members_prompt" width="auto" height="auto" textid="invite_no_chosen" font="system_14" margin="28,12,0.8" normaltextcolor="invite_prompt_text_color"/>
                    <Box>
                        <Label name="label_group_null_member" width="auto" height="auto" valign="center" halign="center" textid="group_member_null_pc" font="system_14" normaltextcolor="invite_prompt_text_color" visible="false"/>
                        <VirtualInviteFormBox name="box_group_current_members_list" width="stretch" height="stretch" vscrollbar="true" vscrollunit="40" column="1" itemsize="368,40">
                        </VirtualInviteFormBox>
                    </Box>
                </VBox>
            </HBox>
             <Button class="invite_label_btn" name="btn_group_create" textid="invite_button" textid="group_create" visible="false"/>
             <Button class="invite_label_btn" name="btn_group_update" textid="invite_button" textid="group_update" visible="false"/>
        </VBox>
        <PopoverLayer name="popover_layer"/>
    </VBox>
</Window>