<?xml version="1.0" encoding="UTF-8"?>
<Window>
  <InviteItem width="stretch" height="40">
      <ButtonBox class="invite_item_box" name="buttonbox_directory">
        <HBox mouse="false" width="stretch" height="stretch">
            <Control name="icon_expand" width="20" height="20" valign="center" margin="0,0,4,0" mouse="false" bkimage="arrow_not_expand.svg" loadingimage="file='loading.svg'"/>
            <Control name="icon_directory" width="auto" height="auto" valign="center" margin="0,0,8,0" mouse="false" bkimage="icon_directory.svg"/>
            <Control name="icon_my_group" width="auto" height="auto" valign="center" margin="0,0,8,0" mouse="false" bkimage="icon_group.svg"/>
            <Label class="invite_item_label" name="label_directory_name" margin="0"/>
            <HBox class="invite_group_box" name="box_group" margin="8,0,15,0">
               <Button class="invite_image_btn" name="btn_more" normalimage="btn_more_nomal.svg" hotimage="btn_more_hover.svg" visible="false"/>
               <Control name="btn_more_loading" width="34" height="34" valign="center" loadingimage="file='loading.svg'" visible="false"/>
            </HBox>
            <HBox class="invite_group_box" name="box_my_group" margin="8,0,19,0">
               <Button class="invite_image_btn" name="btn_create" normalimage="btn_create_nomal.svg" hotimage="btn_create_hover.svg"/>
            </HBox>
            <CheckBox class="invite_checkbox invite_checkbox_directory" name="checkbox_directory"/>
        </HBox>
      </ButtonBox>
      <ButtonBox class="invite_item_box" name="buttonbox_member">
         <HBox mouse="false" width="stretch" height="stretch">
            <AvatarControl class="invite_member_icon" name="control_member_icon"/>
            <Label class="invite_item_label" name="label_member_item_name"/>
            <CheckBox class="invite_checkbox invite_checkbox_member" name="checkbox_member"/>
         </HBox>
      </ButtonBox>
      <ButtonBox class="invite_item_box" name="buttonbox_invite_member">
         <HBox mouse="false" width="stretch" height="stretch">
            <AvatarControl class="invite_member_icon" name="control_invite_member_icon"/>
            <Label class="invite_item_label" name="label_invite_member_item_name"/>
            <Button class="invite_btn_delete" name="btn_delete" halign="right" margin="8,0,28,0"/>
         </HBox>
      </ButtonBox>
  </InviteItem>
</Window>