<?xml version="1.0" encoding="utf-8"?>
<Window>
	<LastmileStatusPopoverHeaderRoot class="lastmile_status_root">
		<Label class="network_status_media" name="label_lastmile_status" textid="media_quality_unknown"/>
		<Label class="network_status_media_detail" name="label_lastmile_rtt" textid="media_rtt_out"/>
		<HBox name="box_details" width="auto" height="auto" childmargin="16">
			<VBox class="lastmile_status_box" name="box_descriptions" width="auto" valign="bottom">
				<Control />
				<Label class="network_status_media_detail" name="label_up" textid="media_send" align="right"/>
				<Label class="network_status_media_detail" name="label_down" textid="media_receive" align="right"/>
			</VBox>
			<VBox class="lastmile_status_box" name="box_lossrate" width="auto">
				<Label class="network_status_media_detail" name="label_lossrate" textid="media_packet_out" align="hcenter"/>
				<Label class="network_status_media_detail" name="label_lastmile_up_lossrate" text="-" align="hcenter"/>
				<Label class="network_status_media_detail" name="label_lastmile_down_lossrate" text="-" align="hcenter"/>
			</VBox>
			<VBox class="lastmile_status_box" name="box_jitter" width="auto">
				<Label class="network_status_media_detail" name="label_jitter" textid="media_jitter" align="hcenter"/>
				<Label class="network_status_media_detail" name="label_lastmile_up_jitter" text="-" align="hcenter"/>
				<Label class="network_status_media_detail" name="label_lastmile_down_jitter" text="-" align="hcenter"/>
			</VBox>
			<VBox class="lastmile_status_box" name="box_bandwidth" width="auto">
				<Label class="network_status_media_detail" name="label_bandwidth" textid="media_bandwidth" align="hcenter"/>
				<Label class="network_status_media_detail" name="label_lastmile_up_bandwidth" text="-" align="hcenter"/>
				<Label class="network_status_media_detail" name="label_lastmile_down_bandwidth" text="-" align="hcenter"/>
			</VBox>
		</HBox>
	</LastmileStatusPopoverHeaderRoot>
</Window>