<?xml version="1.0" encoding="UTF-8"?>
<Window size="600,460" mininfo="600,460" caption="0,0,0,35" textid="strid_updater_title">
	<VBox bkcolor="white">
		<!-- body -->
		<VBox>
			<Box class="updater_logo_bk">
				<Control width="80" height="46" halign="center" valign="center" bkimage="logo.png"/>
			</Box>
			<VBox margin="0,26,0,0">
				<Label class="updater_title" textid="strid_updater_downloading" halign="center"/>
				<VBox padding="85,0,85,0" margin="0,62,0,0">
					<Label class="updater_des" name="progress_desc" textid="strid_updater_progress" normaltextcolor="updater_des_color"/>
					<Progress class="updater_progress" name="progress" value="0"/>
				</VBox>
			</VBox>
		</VBox>
		<!-- float header  -->
		<HBox width="auto" height="auto" float="true" halign="right" valign="top" margin="0,0,8,0">
			<Button class="btn_tools_16x16 btn_min" name="minbtn" margin="8,8,8,0"/>
			<Button class="btn_tools_16x16 btn_close" name="cancelbtn" margin="8,8,8,0"/>
		</HBox>
		<PopoverLayer name="popover_layer"/>
	</VBox>
</Window>