<?xml version="1.0" encoding="UTF-8"?>
<Window size="292,196" caption="0,0,0,30" shadowcorner="10,10,10,10">
	<VBox bkcolor="white" width="auto" height="auto" borderround="2,2">
		<VBox name="box_uploading" width="292" height="190" visible="true">
			<Progress name="progress_uploading" width="stretch" height="5" min="0" max="100" value="0" progresscolor="control_theme_color"/>
			<Control class="evaluate_report_result_icon" bkimage="report_uploading.svg"/>
			<Label class="evaluate_result_title" textid="rate_submit_loading"/>
			<Button class="setting_button eveluate_result_btn" name="btn_uploading_exit" textid="audio_mos_button_exit"/>
		</VBox>
		<VBox name="box_uploaded" width="292" height="190" visible="false">
			<Control width="stretch" height="5" bkcolor="control_theme_color"/>
			<Control class="evaluate_report_result_icon" bkimage="report_success.svg"/>
			<Label class="evaluate_result_title" textid="rate_submit_success"/>
			<Label textid="rate_submit_thanks" width="auto" height="auto" font="system_12" normaltextcolor="report_thinks_text_color" halign="center" margin="0,8,0,0"/>
			<Button class="setting_button eveluate_result_btn" name="btn_uploaded_exit" textid="ok_button" margin="0,16,0,0"/>
		</VBox>
		<VBox name="box_upload_failed" width="292" height="198" visible="false">
		    <Button class="evaluate_close_btn" name="btn_close" halign="right" margin="0,12,8,0"/>
			<Control width="stretch" height="5" bkcolor="audio_report_failed_color"/>
			<Control class="evaluate_report_result_icon" bkimage="report_failed.svg"/>
			<Label class="evaluate_result_title" textid="rate_submit_fail"/>
			<Button name="btn_retry" width="auto" height="30" textid="rate_submit_retry_button" textpadding="30,0,30,0" halign="center" margin="0,28,0,0" normaltextcolor="white" bkcolor="audio_report_failed_color" cursortype="hand"/>
		</VBox>
	</VBox>
</Window>