<?xml version="1.0" encoding="UTF-8"?>
<Window size="344,380" caption="0,0,0,34" shadowcorner="10,10,10,10" shadowattached="true">
	<VBox bkcolor="bk_wnd_lightcolor" width="344" height="auto" borderround="2,2">
		<HBox float="true" width="stretch" height="35" mouse="false">
			<Control mouse="false"/>
			<Button class="audio_evaluate_close_btn" name="closebtn" margin="0,12,12,0"/>
		</HBox>
		<Label width="auto" height="auto" font="system_20" textid="rate_title" halign="center" margin="0,20,0,0" normaltextcolor="black"/>
		<HBox name="box_stars" width="auto" height="auto" childmargin="20" margin="0,8,0,0" halign="center">
			<Option class="evaluate_stars" name="option_audio_star_1" dataid="1"/>
			<Option class="evaluate_stars" name="option_audio_star_2" dataid="2"/>
			<Option class="evaluate_stars" name="option_audio_star_3" dataid="3"/>
			<Option class="evaluate_stars" name="option_audio_star_4" dataid="4"/>
			<Option class="evaluate_stars" name="option_audio_star_5" dataid="5"/>
		</HBox>
		<LineWrapBox class="evaluate_tag_list" name="list_tags_sorce">
			<CheckBox class="evaluate_tag_checkbox" textid="rate_label_one_a" dataid="1"/>
			<CheckBox class="evaluate_tag_checkbox" textid="rate_label_one_b" dataid="2"/>
			<CheckBox class="evaluate_tag_checkbox" textid="rate_label_one_c" dataid="3"/>
			<CheckBox class="evaluate_tag_checkbox" textid="rate_label_one_d" dataid="4"/>
			<CheckBox class="evaluate_tag_checkbox" textid="rate_label_one_e" dataid="5"/>
			<CheckBox class="evaluate_tag_checkbox" textid="rate_label_one_f" dataid="6"/>
			<CheckBox class="evaluate_tag_checkbox" textid="rate_label_one_g" dataid="7"/>
		</LineWrapBox>
		<VBox name="box_describe" height="142" margin="20,16,20,0" bordersize="1" bordercolor="evaluate_describe_text_corlor" borderround="2,2">
			<RichEdit name="edit_describe" font="system_12" padding="16,8,8,0" margin="1,1,0,1" multiline="true" prompttextid="rate_submit_feedback" promptcolor="evaluate_describe_text_corlor" normaltextcolor="feedback_title_color" wantreturnmsg="true" autovscroll="true" vscrollbar="true" rich="false"/>
			<Label name="label_describe_count" width="auto" height="auto" margin="0,4,8,4" text="0/100" font="system_10" normaltextcolor="evaluate_describe_text_corlor" halign="right"/>
		</VBox>
		<SettingButton class="setting_button" name="btn_submit" width="92" height="32" font="system_14" halign="center" margin="0,16,0,20" textid="submit_button" normaltextcolor="evaluate_submit_text_corlor" bordersize="1" borderround="2,2" bordercolor="evaluate_describe_text_corlor" cursortype="hand" enabled="false"/>
	</VBox>
</Window>