<?xml version="1.0" encoding="UTF-8"?>
<Window size="1024,624" caption="0,0,0,80" mininfo="432,432" sizebox="4,4,4,4" shadowattached="false" shadowcorner="04,10,10,10">
	<TabBox name="tabbox" bkcolor="main_bkimage" fadeswitch="false">
		<VBox name="box_room" padding="20,0,20,20">
			<!--title box-->
			<HBox name="box_title" width="stretch" height="32" mouse="false">
				<Label text="Agora Video Call" valign="center" font="system_14" margin="12,0,0,0" textpadding="0,0,0,2" width="auto"/>
				<Control mouse="false"/>
				<Button class="btn_tools_16x16 btn_min" name="minbtn" margin="8,0,0,0"/>
				<Box width="21" margin="8,0,0,0">
					<Button class="btn_tools_16x16 btn_max" name="maxbtn"/>
					<Button class="btn_tools_16x16 btn_restore" name="restorebtn" visible="false"/>
				</Box>
				<Button class="btn_tools_16x16 btn_close" name="btn_close" margin="8,0,8,0"/>
			</HBox>
			<!--content box-->
			<HBox name="box_content" width="stretch" height="stretch">
				<!--left panel-->
				<VBox name="box_content_left" width="stretch" height="stretch" childmargin="12">
					<!--header box-->
					<HBox name="box_header" width="stretch" height="60" valign="top" borderround="2,2">
						<HBox width="stretch" height="stretch" bkcolor="room_theme_color" padding="30,0,16,0">
							<Control valign="center" width="54" height="54" bkimage="file='logo.svg'"/>
							<VBox width="stretch" height="stretch" margin="32,0,0,0">
								<Control />
								<HBox width="stretch" height="auto">
									<Button class="btn_tools" name="btn_room_name" font="button2" text="UX/UI Design Confere" normaltextcolor="high_emphasis_text" textpadding="0,0,10,0" valign="center"/>
									<Button class="btn_tools" name="btn_room_name_arrow" width="13" height="8" normalimage="file='arrow_down.svg'" valign="center"/>
								</HBox>
								<Label name="label_room_duration" font="caption" text="-::-" normaltextcolor="medium_emphasis_text"/>
								<Control />
							</VBox>
							<Button class="room_btn_tools_66x44 room_btn_tools_44x44 signal_44x44 signal_44x44_unknown" name="btn_signal"/>
							<CheckBox class="room_btn_tools_66x44 room_btn_tools_44x44" name="chk_video_list" selected="false" visible="false" valign="center" align="center" normalimage="file='arrow_right.svg'" selectednormalimage="file='arrow_left.svg'"/>
							<Button class="room_btn_tools_66x44 room_btn_tools_44x44" name="btn_invite" normalimage="control_invite_nomal.svg"/>
							<CheckBox class="room_btn_tools_66x44 room_btn_tools_44x44" name="chk_settings" tooltiptextid="room_tooltip_settings" normalimage="control_settings.svg" selectednormalimage="control_settings.svg"/>
							<Button class="room_btn_tools_66x44 room_btn_tools_44x44" name="btn_lab" tooltiptextid="lab_title" normalimage="control_lab.svg"/>
							<Control class="splitline_ver_level1" height="28" valign="center" margin="20,0,20,0" />
							<Button class="room_btn_tools_66x44 room_btn_tools_44x44" name="btn_vqa" tooltiptextid="vqa_evaluation" normalimage="control_vqa.svg"/>
							<Box name="box_dumping_timer_animation" width="auto" height="auto" valign="center" halign="center" cursortype="hand">
								<DumpButton class="room_btn_tools_66x44 room_btn_tools_44x44" name="btn_dump" width="44" height="44" borderround="2,2" normalimage="control_dump.svg" tooltiptextid="room_tooltip_dump" cursortype="hand"/>
								<Label name="label_dumping_timer" width="auto" height="auto" font="system_bold_8_600" align="center" halign="right" valign="top" normaltextcolor="white" bkimage="control_dumip_rec.svg" visible="false"/>
							</Box>
						</HBox>
					</HBox>
					<!--video box-->
					<HBox name="box_videos" width="stretch" height="stretch" borderround="2,2">
						<!--little video box-->
						<VListBox class="room_videobox_list" name="list_videobox" visible="false" bkimage="file='videobox/holder.svg' ytiled='true' fullytiled='false' tiledmargin='8'"/>
						<!--big video box-->
						<VBox width="stretch" height="stretch">
							<VideoBox class="room_videobox_major" name="videobox_major"/>
							<Label name="label_press_key_to_speak_prompt" width="auto" height="auto" textid="unmute_tips" font="system_bold_14_500" halign="center" margin="0,20,0,0" textpadding="24,16,24,16" bkcolor="medium_white_emphasis_text" visible="false" borderround="2,2" float="true"/>
							<VBox class="room_status_box" name="box_room_status">
								<HBox class="room_status_holder" name="box_status_recording" visible="false">
									<Control class="room_status_icon" bkimage="status_cloudrecording.svg"/>
									<Label class="room_status_text" textid="cloud_recording_status"/>
									<Label class="room_status_text" name="label_recording_elapse" drawtextfillpath="true" text="04:32"/>
								</HBox>
								<HBox class="room_status_holder" name="box_status_dumping" visible="false">
									<Control class="room_status_icon" bkimage="status_dumping.svg"/>
									<Label class="room_status_text" textid="dump_reporting_status"/>
								</HBox>
							</VBox>
							<Button class="room_btn_fullscreen room_btn_fullscreen_enter" name="btn_fullscreen"/>
						</VBox>
					</HBox>
					<!--control box-->
					<HBox name="box_controls" width="stretch" height="60" valign="bottom" borderround="2,2">
						<Control />
						<Box class="room_box_tools_66x44 room_btn_tools_shadow" margin="0,0,0,0">
							<Button class="room_btn_tools_44x44 room_btn_mic_muted" name="btn_mic" tooltiptextid="room_tooltip_microphone"/>
							<AudioProgress class="room_audio_progress" name="progress_room_audio" value="30"/>
							<Button class="btn_device_swicth white_btn_state" name="btn_mic_switch" margin="0,0,0,0"/>
						</Box>
						<Box class="room_box_tools_66x44 room_btn_tools_shadow">
							<Button class="room_btn_tools_44x44 room_btn_camera_muted" name="btn_camera" tooltiptextid="room_tooltip_camera"/>
							<Button class="btn_device_swicth white_btn_state" name="btn_camera_switch" margin="0,0,0,0"/>
						</Box>
						<Button class="room_btn_tools_shadow room_btn_tools_66x44 room_btn_screenshare" name="btn_screenshare" tooltiptextid="room_tooltip_screen"/>
						<Button class="room_btn_tools_shadow room_btn_tools_66x44 room_btn_cloudrecord" name="btn_cloudrecord" visible="false" tooltiptextid="room_tooltip_cloud"/>
						<Box class="room_box_tools_66x44 room_btn_tools_shadow">
							<CheckBox class="room_btn_tools_44x44 white_chk_state" width="66" name="chk_participants" tooltiptextid="room_tooltip_Participants" halign="left" margin="0,0,0,0" normalimage="file='control_participants.svg' dest='11,0,55,44'" selectednormalimage="file='control_participants_selected.svg' dest='11,0,55,44'"/>
							<Label name="label_participants_count" font="title4" normaltextcolor="primary" margin="34,10,0,0" mouse="false"/>
						</Box>
						<Box class="room_box_tools_66x44 room_btn_tools_shadow">
							<CheckBox class="room_btn_tools_44x44 white_chk_state" width="66" name="chk_chat" tooltiptextid="room_tooltip_chat" normalimage="file='control_chat.svg' dest='11,0,55,44'" selectednormalimage="file='control_chat_selected.svg' dest='11,0,55,44'"/>
							<Label name="label_unread_message_prompt" width="auto" height="auto" textpadding="5,0,4,0" font="title4" halign="right" margin="0,6,6,0" normaltextcolor="surface" bkcolor="error" visible="false" mouse="false" ellipsebkground="true"/>
						</Box>
						<Button class="room_btn_tools_shadow room_btn_tools_66x44" name="btn_hangup" tooltiptextid="room_tooltip_leave" normalimage="file='control_hangup.svg' dest='11,0,55,44'"/>
						<Control />
					</HBox>
				</VBox>
				<!--right panel-->
				<VBox name="box_content_right" valign="center" halign="center" width="auto" height="stretch">
					<VBox name="box_content_participants" width="290" height="stretch" margin="12,0,0,0" visible="false">
						<!-- participants box-->
						<RoomParticipantsBox name="box_room_participants" bkcolor="room_theme_color" borderround="2,2">
							<HBox width="stretch" height="60" bottombordersize="1" bordercolor="line_color" padding="18,0,0,0">
								<Label textid="participants_title" font="system_bold_18" valign="center"/>
								<Control />
								<Button class="btn_control_close white_btn_state" name="btn_participants_close" valign="center" margin="0,0,15,0" cursortype="hand"/>
							</HBox>
							<HBox name="box_users_type" width="stretch" height="52" bottombordersize="1" bordercolor="line_color" padding="32,0,22,0" visible="false">
								<VBox name="box_participants_all" minwidth="40" width="auto" height="stretch">
									<Label class="participants_label" textid="participants_all" margin="0,12,0,0"/>
									<Label class="participants_label" name="label_participants_all_count"/>
									<Control mouse="false"/>
									<Control class="participants_type_box_mark"/>
								</VBox>
								<Control mouse="false"/>
								<VBox name="box_participants_logged" minwidth="40" width="auto" height="stretch">
									<Label class="participants_label" textid="internal_member" margin="0,12,0,0"/>
									<Label class="participants_label" name="label_participants_logged_count"/>
									<Control mouse="false"/>
									<Control class="participants_type_box_mark"/>
								</VBox>
								<Control mouse="false"/>
								<VBox name="box_participants_non_logged" minwidth="40" width="auto" height="stretch">
									<Label class="participants_label" textid="external_member" margin="0,12,0,0"/>
									<Label class="participants_label" name="label_participants_non_logged_count"/>
									<Control mouse="false"/>
									<Control class="participants_type_box_mark"/>
								</VBox>
							</HBox>
							<HBox name="box_participants_search" width="stretch" height="36" borderround="2,2" bordersize="0" bordercolor="participants_search_box_normal_border_color" bkcolor="main_bkimage" margin="16,8,16,0">
								<Control width="auto" height="auto" bkimage="../participants/icon_search.svg" valign="center" margin="12,0,8,0"/>
								<RichEdit class="simple" name="richedit_participants_search" font="body2" align="vcenter" caretcolor="control_theme_color" normaltextcolor="high_emphasis_text" prompttextid="participants_search" promptcolor="medium_emphasis_text"/>
								<Button name="btn_delete" width="auto" height="auto" valign="center" margin="0,0,8,0" normalimage="../participants/icon_delete.svg" visible="false" cursortype="hand"/>
							</HBox>
							<Label name="label_not_find_result_prompt" textid="participants_search_not_found" font="system_bold_12" width="auto" height="auto" halign="center" margin="0,16,0,0" normaltextcolor="chat_participants_label_color" visible="false"/>
							<VirtualParticipantsBox name="list_participants" itemsize="290,60" column="1" vscrollbar="true" margin="0,24,0,0"></VirtualParticipantsBox>
							<Box name="box_invite" width="stretch" height="60" visible="false">
								<Button class="participants_invite_btn" name="btn_participants_invite"/>
							</Box>
							<PopoverLayer name="popover_layer_participants"/>
						</RoomParticipantsBox>
					</VBox>
					<VBox name="box_content_chat" width="290" margin="12,12,0,0" height="stretch" visible="false">
						<!-- chat box -->
						<RoomChatBox name="box_room_chat" bkcolor="room_theme_color" borderround="2,2">
							<!-- title -->
							<HBox width="stretch" height="60">
								<Label textid="chat_title" width="auto" height="auto" font="system_bold_18" margin="16" valign="center" normaltextcolor="high_emphasis_text"/>
								<Control />
								<Button class="btn_control_close white_btn_state" name="btn_room_chat_close" valign="center" margin="0,0,15,0" cursortype="hand"/>
							</HBox>
							<Control width="stretch" height="1" bkcolor="line_color" mouse="false"/>
							<!-- message list -->
							<VListBox name="list_message" width="stretch" height="stretch" vscrollbar="true" margin="0,12,0,12"></VListBox>
							<!-- chat edit box -->
							<HBox name="box_chat_edit" width="stretch" height="auto" margin="16,12,16,12" borderround="2,2" bordersize="0" bordercolor="participants_search_box_normal_border_color" bkcolor="main_bkimage">
								<RichEdit class="chat_edit_single_line" name="edit_chat"/>
								<Button name="btn_send" cursortype="hand" width="auto" height="auto" valign="center" margin="1,1,0,1" normalimage="../chat/send_normal.svg" hotimage="../chat/send_hover.svg" pushedimage="../chat/send_pressed.svg" fadehot="false"/>
							</HBox>
						</RoomChatBox>
					</VBox>
				</VBox>
			</HBox>
			<PopoverLayer name="popover_layer"/>
		</VBox>
	</TabBox>
</Window>