<?xml version="1.0" encoding="UTF-8"?>
<Window>
    <VBox class="vqa_root">
        <VBox class="vqa_result" name="box_vqa_result" visible="false">
            <RichEdit class="popover_label" font="system_bold_16" normaltextcolor="text_5" name="edit_result_title" textid="vqa_evaluation_title"/>
            <Label class="vqa_tips" name="label_result_tips" textid="vqa_evaluation_des" />
            <HBox name="box_stars" width="auto" height="24" childmargin="8" margin="0,8,0,0">
                <Option class="vqa_stars" name="option_vqa_star_0" dataid="1"/>
                <Option class="vqa_stars" name="option_vqa_star_1" dataid="2"/>
                <Option class="vqa_stars" name="option_vqa_star_2" dataid="3"/>
                <Option class="vqa_stars" name="option_vqa_star_3" dataid="4"/>
                <Option class="vqa_stars" name="option_vqa_star_4" dataid="5"/>
                <Label name="label_vqa_value" width="auto" height="24" valign="center" margin="12,0,0,0" font="system_bold_20" normaltextcolor="brand_6" text="4.2"/>
            </HBox>
            <Label class="vqa_title" name="label_result_title" textid="vqa_evaluation_tips" margin="0,32,0,12"/>
            <HBox name="box_buttons" width="208" height="44" childmargin="16">
                <Button class="vqa_button" name="button_result_yes"  normalcolor="vqa_button_yes" forenormalimage="file='vqa_popover/btn_yes.svg' dest='36,10,60,34'"/>
                <Button class="vqa_button" name="button_result_no"  normalcolor="vqa_button_no" forenormalimage="file='vqa_popover/btn_no.svg' dest='36,10,60,34'"/>
            </HBox>
            <HBox name="box_button_tips" width="208" height="44" childmargin="16">
                <Label class="vqa_tips vqa_button_tips" textid="vqa_evaluation_yes"/>
                <Label class="vqa_tips vqa_button_tips" textid="vqa_evaluation_no"/>
            </HBox>
        </VBox>
        <VBox class="vqa_invalid" name="box_vqa_invalid" visible="true">
            <Control name="control_icon" width="30" height="30" halign="center" bkimage="file='vqa_popover/warning.svg' dest='0,0,30,30'" margin="0,12,0,12"/>
            <Label class="vqa_title" name="label_invalid_title" textid="vqa_evaluation_error_title" halign="center"/>
            <RichEdit class="popover_label" name="edit_invalid_tips" textid="vqa_evaluation_error_des" halign="center" align="hcenter" margin="0,0,0,12"/>
        </VBox>
    </VBox>
</Window>