<?xml version="1.0" encoding="utf-8"?>
<Window size="960,640" caption="0,0,0,20" shadowcorner="10,10,10,10">
  <HBox bkcolor="fill_bkcolor">
    <Box width="stretch" height="stretch">
    </Box>
    <VBox bkcolor="surface" width="424" height="stretch">
        <Button name="page_back" width="auto" height="auto" margin="25,44,0,0" cursortype="hand" normalimage="back.svg"/>
        <Label text="输入验证码" font="title1" width="auto" height="auto" margin="49,0,0,0" normaltextcolor="high_emphasis_text"/>
        <Label text="已发送验证码至%d" font="subtitle1" width="auto" height="auto" margin="49,12,0,0" normaltextcolor="medium_emphasis_text"/>
        <AuthCodeRichEdit name="input_verify_code" height="56" width="auto" coudecount="4" childmargin="34" margin="0,32,0,0" halign="center">
        </AuthCodeRichEdit>
        <Box width="auto" height="auto" margin="50,20,0,0">
          <Button name="reapply_verify_code" text="重新获取验证码" font="body2" width="auto" height="auto" normaltextcolor="primary" visible="false"/>
          <Label name="label_reapply_time"  text="重新获取验证码 %dS" font="subtitle1" width="auto" height="auto" normaltextcolor="medium_emphasis_text"/>
        </Box>
    </VBox>
  </HBox>
</Window>