<?xml version="1.0" encoding="utf-8"?>
<Window size="960,640" caption="0,0,0,20" shadowcorner="10,10,10,10">
  <HBox bkcolor="fill_bkcolor">
    <Box width="stretch" height="stretch">
        <VBox width="auto"  height="auto" margin="0,122,0,0" halign="center">
          <Control width="auto" height="auto" bkimage="welcome_bkimage.png" halign="center"/>
          <Button name="agora_video_call" width="auto" height="auto" font="title1" text="Agora Video Call" margin="0,50,0,0" halign="center"/>
        </VBox>
        	<!-- custom info panel -->
				<VBox name="box_custom_info" float="true" width="stretch" height="140" valign="top" halign="left" margin="30,10" visible="false" mouse="false" childmargin="8">
					<Label class="notabstop" name="label_custom_contact" width="auto" height="auto" endellipsis="true" normaltextcolor="red" mouse="false"></Label>
					<Label class="notabstop" name="label_custom_buildtime" width="auto" height="auto" endellipsis="true" normaltextcolor="red" mouse="false"></Label>
					<Label class="notabstop" name="label_custom_description" width="auto" height="auto" endellipsis="true" normaltextcolor="red" mouse="false"></Label>
				</VBox>
    </Box>
    <VBox name="box_content" bkcolor="surface" width="424" height="stretch">
      <Button name="page_back" width="auto" height="auto" textid="back_button" font="body2" textpadding="20,0,0,0" margin="42,44,0,10" normaltextcolor="primary" normalimage="file='back.svg' dest='0,0,22,22'" cursortype="hand"/>
      <!-- logout main box -->
      <VBox name="box_logout_main" width="stretch" height="stretch" visible="false">
        <Control width="auto" height="auto" bkimage="logo.svg" margin="0,180,0,0" halign="center"/>
        <Label text="Agora Video Call" font="title3" width="auto" height="auto" margin="0,20,0,92" halign="center" normaltextcolor="on_background"/>
        <LoadingTextButton class="blue_btn" name="home_no_login" textid="login_free" margin="0,0,0,20" halign="center" visible="false">
        </LoadingTextButton>
        <LoadingTextButton class="blue_btn" name="home_register" textid="login_sign_up" margin="0,0,0,0" halign="center">
        </LoadingTextButton>
      </VBox>
      <!-- login box -->
      <VBox name="box_login" width="stretch" height="stretch" visible="false">
        <Label textid="login_sign_up" font="title1" width="auto" height="auto" margin="49,0,0,0" normaltextcolor="high_emphasis_text"/>
        <Label name="label_account_tip" textid="login_info_phone" font="subtitle1" width="320" height="auto" textpadding="0,0,0,2" margin="49,10,49,0" singleline="false" normaltextcolor="medium_emphasis_text"/>
        <HBox name="box_edit_phone" width="327" height="40" margin="49,24,0,0" bordersize="1" bordercolor="disable_text" borderround="2,2">
            <Label name="select_area_code" text="+86" width="56" height="38" font="body1" normaltextcolor="high_emphasis_text" bkcolor="fill_bkcolor" margin="1,1,0,1" align="center vcenter"/>
            <HBox>
                <RichEdit class="rich_edit_box_content" name="phone_input" number="true" maxchar="11" prompttextid="login_hint_phone"/>
                <Button class="text_delete_btn" name="text_del"/>
            </HBox>
        </HBox>
        <RichEditBox name="box_email" richeditclass="rich_edit_email_content" width="327" height="40" margin="49,24,0,0" bordersize="1" bordercolor="disable_text" borderround="2,2" visible="false">
        </RichEditBox>
        <LoadingTextButton class="blue_btn" name="get_verify_code" textid="login_button_get_code" margin="49,20,0,0">
        </LoadingTextButton>
        <HBox width="327" height="18" margin="49,94,0,0">
          <Control class="splitline" valign="center"/>
          <Label textid="login_sign_in_options" font="caption" normaltextcolor="medium_emphasis_text" margin="8,0,8,0"/>
          <Control class="splitline" valign="center"/>
        </HBox>
        <HBox width="auto" height="68" halign="center" margin="0,34,0,0">
          <Control width="stretch" height="stretch"/>
          <ButtonBox name="wechat_login" width="auto" height="66" cursortype="hand">
            <Control width="auto" height="auto" normalimage="file='icon_wechat_logo.svg'" halign="center" mouse="false"/>
            <Label width="auto" height="auto" textid="login_options_a_wechat" font="caption" normaltextcolor="high_emphasis_text" halign="center" valign="bottom" mouse="false"/>
          </ButtonBox>
          <ButtonBox name="google_login" width="auto" height="66" cursortype="hand" visible="false">
            <Control width="auto" height="auto" normalimage="file='icon_google_logo.svg'" halign="center" mouse="false"/>
            <Label width="auto" height="auto" textid="login_options_a_google" font="caption" normaltextcolor="high_emphasis_text" halign="center" valign="bottom" mouse="false"/>
          </ButtonBox>
          <ButtonBox name="agora_login" width="auto" minwidth="43" height="66" cursortype="hand" margin="80">
            <Control width="40" height="40" normalimage="file='icon_agora_logo.png'" halign="center" mouse="false"/>
            <Label width="auto" height="auto" textid="login_options_a_agora" font="caption" normaltextcolor="high_emphasis_text" halign="center" valign="bottom" mouse="false"/>
          </ButtonBox>
          <Control width="stretch" height="stretch"/>
        </HBox>
        <HBox width="auto" height="auto" margin="0,52,0,34" halign="center">
          <CheckBox name="tick_agree" width="auto" height="auto" margin="0,2,4,0" valign="center" normalimage="checkbox_normal.svg" selectednormalimage="checkbox_selected.svg" cursortype="hand"/>
          <RichEdit name="rich_terms" width="auto" height="auto" maxwidth="250" font="body2" margin="2,0,0,0" multiline="true" rich="true" readonly="true"/>
        </HBox>
      </VBox>
      <!-- auth code box -->
      <VBox name="box_auth_code" width="stretch" height="stretch" visible="false">
        <Label textid="verification_code_title" font="title1" width="auto" height="auto" margin="49,0,0,0" normaltextcolor="high_emphasis_text"/>
        <Label name="label_send_code" textid="verification_code_info" font="subtitle1" width="stretch" height="auto" margin="49,10,65,0" endellipsis="true" normaltextcolor="medium_emphasis_text"/>
        <AuthCodeRichEdit name="input_verify_code" height="56" width="auto" coudecount="4" childmargin="50" margin="49,24,0,0">
        </AuthCodeRichEdit>
        <Box width="auto" height="auto" margin="50,24,0,0">
          <LoadingTextButton name="reapply_verify_code" textid="verification_code_resend_info" width="auto" height="auto" textpadding="0,0,2,2" loadingclass="control_small_loading" textclass="label_reapply_code" visible="false" cursortype="hand">
          </LoadingTextButton>
          <Label name="label_reapply_time" textid="verification_code_resend_time" font="subtitle1" width="auto" height="auto" normaltextcolor="medium_emphasis_text" visible="false"/>
        </Box>
      </VBox>
      <!-- qrcode box -->
      <VBox name="box_qrcode" width="stretch" height="stretch" visible="false">
        <Label textid="oauth_wecom" font="title1" width="auto" height="auto" margin="0,0,0,0" halign="center" singleline="false" normaltextcolor="high_emphasis_text"/>
        <HBox width="auto" height="auto" margin="0,13,0,0" halign="center">
            <Button name="btn_refresh" textid="login_qr_code_c" font="subtitle1" width="auto" height="auto" normaltextcolor="primary" cursortype="hand"/>
            <Label textid="login_qr_code_d" font="subtitle1" width="auto" height="auto" normaltextcolor="medium_emphasis_text"/>
        </HBox>
        <HBox width="auto" height="auto" padding="3,3,3,3" childmargin="3" borderround="2,2" bkcolor="splitline_level3" halign="center" margin="0,28,0,0">
          <Option class="qrcode_option" name="qrcode_option_agora" textid="tabs_agora" selected="true"/>
          <Option class="qrcode_option" name="qrcode_option_easemob" textid="tabs_easemob" />
        </HBox>
        <WkeWebView name="wke_login_qrcode" width="stretch" height="220" margin="0,42,0,0"/>
        <Button name="email_login" textid="sign_in_email" width="auto" height="auto" font="body2" margin="0,25,0,0" normaltextcolor="primary" halign="center" cursortype="hand"/>
      </VBox>
      <!-- nick name settings box -->
      <VBox name="box_nick_name_settings" width="stretch" height="stretch" visible="false">
        <Label textid="nickname_title" font="title1" width="auto" height="auto" margin="49,0,0,0" normaltextcolor="high_emphasis_text"/>
        <Label textid="nickname_info" font="subtitle1" width="320" height="auto" margin="49,10,0,0" singleline="false" normaltextcolor="medium_emphasis_text"/>
        <RichEditBox class="rich_edit_box" name="box_edit_name" margin="0,24,0,0">
        </RichEditBox>
        <LoadingTextButton class="blue_btn" name="join_agora" textid="start_avc_button" margin="0,294,0,0" halign="center">
        </LoadingTextButton>
      </VBox>
      <!-- bind box -->
      <VBox name="box_bind" width="stretch" height="stretch" visible="false">
        <Label textid="bind_phone_number" font="title1" width="auto" height="auto" margin="49,0,0,0" normaltextcolor="high_emphasis_text"/>
        <Label textid="bind_phone_number_info" font="subtitle1" width="auto" height="auto" margin="49,10,0,0" normaltextcolor="medium_emphasis_text"/>
        <HBox name="box_edit_phone" width="327" height="40" margin="49,24,0,0" bordersize="1" bordercolor="disable_text" borderround="2,2">
            <Label name="select_area_code" text="+86" width="56" height="38" font="body1" normaltextcolor="high_emphasis_text" bkcolor="fill_bkcolor" margin="1,1,0,1" align="center vcenter"/>
            <HBox>
                <RichEdit class="rich_edit_box_content" name="phone_input" number="true" maxchar="11" prompttextid="login_hint_phone"/>
                <Button class="text_delete_btn" name="text_del"/>
            </HBox>
        </HBox>
        <LoadingTextButton class="blue_btn" name="get_verify_code" textid="login_button_get_code" margin="49,294,0,0">
        </LoadingTextButton>
      </VBox>
      <HBox float="true" width="auto" height="auto" halign="right">
					<Button name="setting" width="auto" height="auto" margin="0,-5,0,0" normalimage="setting.svg" hotimage="setting_hover.svg" valign="center" cursortype="hand" visible="false"/>
          <Button class="btn_tools_16x16 btn_form_min notabstop" name="minbtn" valign="top"/>
			    <Button class="btn_tools_16x16 btn_form_close notabstop" name="btn_close" valign="top"/>
		  </HBox>
      <PopoverLayer name="popover_layer"/>
    </VBox>
  </HBox>
</Window>