<?xml version="1.0" encoding="utf-8"?>
<Window size="250,270" caption="0,0,0,20" shadowcorner="10,10,10,10">
  <VBox bkcolor="surface">
    <Label textid="login_options_b_wechat" font="title3" halign="center" margin="0,20,0,0"/>
    <WkeWebView name="wke_login_qrcode" width="stretch" height="stretch" margin="0,0,0,0"/>
    <HBox float="true" width="auto" height="35" mouse="false" margin="0,0,16,0" halign="right">
      <Button class="btn_tools_16x16 btn_close notabstop" name="closebtn" margin="0,6,0,0" cursortype="hand" mouse="true"/>
    </HBox>
    <PopoverLayer name="popover_layer"/>
  </VBox>
</Window>