<?xml version="1.0" encoding="UTF-8"?>
<Window size="160,180" mininfo="160,180">
	<VBox name="box_root" bkcolor="white" padding="10,10,10,10">
		<!-- body -->
		<VBox>
			<Control name="avatar" width="48" height="48" halign="center" bkimage="file='../room/videobox/videobox_smile.svg'"/>
			<Label name="label_title" width="140" margin="0,6,0,0" font="system_bold_12" halign="center" align="center,vcenter" endellipsis="true"/>
			<Label name="label_content" width="140" height="32" margin="0,4,0,0" singleline="false" halign="center" align="center,vcenter" endellipsis="true"/>
			<HBox name="box_bottom" height="44" margin="0,8,0,0">
				<Control />
				<Button name="btn_decline" halign="center" valign="center" width="24" height="24" bkimage="no.svg" cursortype="hand"/>
				<Control width="36"/>
				<Button name="btn_accept" halign="center" valign="center" width="24" height="24" bkimage="yes.svg" cursortype="hand" loadingimage="file='../public/animation/loading.svg'" loadingbkcolor="white"/>
				<Control />
			</HBox>
		</VBox>
		<!-- float header  -->
		<HBox width="auto" height="auto" float="true" halign="right" valign="top" margin="0,0,0,0">
			<Button class="btn_tools_16x16 btn_close" name="btn_ignore"/>
		</HBox>
	</VBox>
</Window>