<?xml version="1.0" encoding="UTF-8"?>
<Window size="292,160" caption="0,0,0,30" shadowcorner="10,10,10,10">
	<VBox bkcolor="white">
		<VBox name="box_uploading" width="292" height="160" visible="true">
			<Progress name="progress_uploading_dump" width="stretch" height="5" min="0" max="100" value="0" marquee="true" marqueewidth="50" progresscolor="control_theme_color"/>
			<Control class="feedback_result_icon" bkimage="dump_uploading.svg"/>
			<Label class="feedback_result_title" textid="dump_uploading"/>
			<HBox height="auto">
				<Control />
				<RichEdit class="feedback_result_describe" name="rich_uploading_describe" textid="dump_uploading_wait"/>
				<Control />
			</HBox>
		</VBox>
		<VBox name="box_uploaded" width="292" height="188" visible="false">
			<Control width="stretch" height="5" bkcolor="control_theme_color"/>
			<Control class="feedback_result_icon" bkimage="dump_upload_success.svg"/>
			<Label class="feedback_result_title" name="dump_uploaded" textid="dump_uploaded"/>
			<HBox width="auto" height="auto" halign="center" margin="0,8,0,0">
				<Control />
				<Label name="label_uploaded_cp" width="auto" height="auto" font="system_12" textid="dump_uploaded_cp" normaltextcolor="dump_upload_result_describe_color"/>
				<Button name="btn_issue_id" width="auto" height="auto" textpadding="0,0,5,0" font="system_12" normaltextcolor="dump_upload_result_issue_id_color" cursortype="hand"/>
				<Control />
			</HBox>
			<HBox height="auto">
				<Control />
				<RichEdit class="feedback_result_describe" name="rich_uploaded_describe" textid="dump_uploaded_success" margin="0,0,0.28"/>
				<Control />
			</HBox>
		</VBox>
		<VBox name="box_upload_failed" width="292" height="185" visible="false">
			<Control width="stretch" height="5" bkcolor="dump_upload_failed_color"/>
			<Control class="feedback_result_icon" bkimage="dump_upload_failed.svg"/>
			<Label class="feedback_result_title" name="dump_uploaded_failed" textid="dump_uploaded_failed"/>
			<Button name="btn_check_file" width="auto" height="auto" textid="check_file" halign="center" margin="0,8,0,0" normaltextcolor="control_theme_color" cursortype="hand"/>
			<HBox height="auto">
				<Control />
				<RichEdit class="feedback_result_describe" name="rich_upload_failed_describe" textid="dump_windows_failed"/>
				<Control />
			</HBox>
		</VBox>
		<Button name="btn_close" width="auto" height="auto" halign="right" valign="top" margin="0,13,8,0" float="true" normalimage="icon_dump_upload_result_close.svg" cursortype="hand"/>
		<PopoverLayer name="popover_layer"/>
	</VBox>
</Window>