<?xml version="1.0" encoding="UTF-8"?>
<Window size="611,726" shadowcorner="10,10,10,10">
	<VBox bkcolor="white" borderround="10,10">
		<Label textid="dump_title" width="auto" height="auto" font="system_bold_18_600" margin="24,18,0,18"/>
		<Control height="1" bkcolor="line_color"/>
		<Label class="feedback_title_label" name="label_name"/>
		<Label name="label_id" text="ID:" width="auto" height="auto" font="system_12" margin="24,4,0,0" normaltextcolor="feedback_id_color"/>
		<!-- go button box -->
		<HBox height="auto" margin="24,8,24,0">
			<Label class="feedback_title_label" textid="dump_audio_issues_title" margin="0,0,0,0" valign="center"/>
			<Label textid="dump_text" width="auto" height="auto" font="system_12" margin="12,0,0,0" textpadding="8,4,8,4" bkcolor="main_bkimage" normaltextcolor="feedback_dump_help_text_color" valign="center"/>
			<Control />
			<Button name="btn_go" width="auto" height="auto" textpadding="8,4,8,4" textid="dump_go" font="system_12" normaltextcolor="primary" borderround="2,2" bordersize="1" bordercolor="primary" cursortype="hand"/>
		</HBox>
		<!-- audio issue box -->
		<LineWrapBox class="feedback_tag_list">
			<CheckBox class="feedback_issue_checkbox" name="checkbox_perceivable_delay" textid="dump_label_perceivable_delay"/>
			<CheckBox class="feedback_issue_checkbox" name="checkbox_noticeable_echo" textid="dump_label_noticeable_echo"/>
			<CheckBox class="feedback_issue_checkbox" name="checkbox_noticeable_noise" textid="dump_label_noticeable_noise"/>
			<CheckBox class="feedback_issue_checkbox" name="checkbox_intermittent_voice" textid="dump_label_intermittent_voice"/>
			<CheckBox class="feedback_issue_checkbox" name="checkbox_no_sound" textid="dump_label_no_sound"/>
			<CheckBox class="feedback_issue_checkbox" name="checkbox_low_sound_volume" textid="dump_label_low_sound_volume"/>
        </LineWrapBox>
		<Label class="feedback_title_label" textid="dump_video_issues_title"/>
		<!-- video issue box -->
		<LineWrapBox class="feedback_tag_list">
			<CheckBox class="feedback_issue_checkbox" name="checkbox_frame_freeze" textid="dump_label_frame_freeze"/>
			<CheckBox class="feedback_issue_checkbox" name="checkbox_high_latency" textid="dump_label_high_latency"/>
			<CheckBox class="feedback_issue_checkbox" name="checkbox_intermittent_video" textid="dump_label_intermittent_video"/>
			<CheckBox class="feedback_issue_checkbox" name="checkbox_corruption_mosaic" textid="dump_label_corruption_mosaic"/>
			<CheckBox class="feedback_issue_checkbox" name="checkbox_blurriness" textid="dump_label_blurriness"/>
			<CheckBox class="feedback_issue_checkbox" name="checkbox_too_bright_dark_image" textid="dump_label_too_bright_dark_image"/>
			<CheckBox class="feedback_issue_checkbox" name="checkbox_sync" textid="dump_label_sync"/>
			<CheckBox class="feedback_issue_checkbox" name="checkbox_obvious_noise_in_the_image" textid="dump_label_obvious_noise_in_the_image"/>
		</LineWrapBox>
		<Label class="feedback_title_label" textid="dump_describe"/>
		<!-- issue describe issue -->
		<VBox name="box_issue_describe" width="stretch" height="78" margin="24,8,24,8" bkcolor="feedback_describe_bk_color" bordersize="1" bordercolor="feedback_line_color" borderround="2,2">
			<RichEdit name="rich_issue_describe" font="system_14" padding="16,8,8,0" margin="1,1,0,1" multiline="true" autovscroll="true" vscrollbar="true" prompttextid="dump_describe" promptcolor="disable_text" normaltextcolor="high_emphasis_text" wantreturnmsg="true" rich="false" caretcolor="control_theme_color"/>
			<Label name="label_describe_count" width="auto" height="auto" margin="0,4,8,4" text="0/140" font="system_bold_10" normaltextcolor="feedback_dump_help_text_color" halign="right"/>
		</VBox>
		<Label class="feedback_title_label" textid="dump_peer_problem"/>
		<ShadowCombo name="combo_problem_peers" width="stretch" height="30" popuptop="true" vscrollbar="true" margin="24,8,24,0" textpadding="16,0,16,0" normalimage="file='combo_normal.svg'" hotimage="file='combo_hot.svg'"/>
		<!-- attachments box -->
		<VBox name="box_my_attachment" height="84" margin="24,0,24,0">
			<Label class="feedback_title_label" textid="dump_text_attachment" margin="0,16,0,0"/>
			<HBox name="box_attachment_list" margin="0,0,0,0">
				<Button name="btn_add_attachment" width="auto" height="auto" margin="0.8.0.0" normalimage="add.png"/>
			</HBox>
		</VBox>
		<!-- bottom buttons box -->
		<HBox width="auto" height="30" margin="0,10,24,0" halign="right">
			<Button name="btn_cancle" textid="cancel_button" width="92" height="30" font="system_bold_12" normalcolor="btn_normal_color_gray" hotcolor="btn_normal_hot_color" pushedcolor="btn_normal_pushed_color" fadehot="false" normaltextcolor="high_emphasis_text" borderround="2,2" cursortype="hand"/>
			<Button class="feedback_blue_btn" name="btn_submit" textid="submit_button" width="92" height="30" font="system_bold_12" margin="16"/>
		</HBox>
		<PopoverLayer name="popover_layer_feedback"/>
	</VBox>
</Window>