<?xml version="1.0" encoding="UTF-8"?>
<Window size="292,196" caption="0,0,0,30" shadowcorner="10,10,10,10">
	<VBox bkcolor="white">
		<VBox name="box_uploading" width="stretch" height="stretch" visible="true">
			<Progress name="progress_uploading_audio" width="stretch" height="5" min="0" max="100" value="0" marquee="true" marqueewidth="50" progresscolor="control_theme_color"/>
			<Control class="audio_report_result_icon" bkimage="audio_report_uploading.svg"/>
			<Label class="feedback_result_title" textid="dump_uploading"/>
			<Button class="audio_eveluate_btn" name="btn_uploading_exit" textid="audio_mos_button_exit" margin="0,36,0,0"/>
		</VBox>
		<VBox name="box_uploaded" width="stretch" height="stretch" visible="false">
			<Control width="stretch" height="5" bkcolor="control_theme_color"/>
			<Control class="audio_report_result_icon" bkimage="audio_report_success.svg"/>
			<Label class="feedback_result_title" textid="audio_mos_submit_success"/>
			<Button class="audio_eveluate_btn" name="btn_uploaded_exit" textid="audio_mos_button_exit" margin="0,36,0,0"/>
		</VBox>
		<VBox name="box_upload_failed" width="stretch" height="stretch" visible="false">
		    <Button class="audio_evaluate_close_btn" name="btn_close" float="true" halign="right" margin="0,12,8,0"/>
			<Control width="stretch" height="5" bkcolor="audio_report_failed_color"/>
			<Control class="audio_report_result_icon" bkimage="audio_report_failed.svg"/>
			<Label class="feedback_result_title" textid="audio_mos_submit_fail"/>
			<Button name="btn_retry" width="auto" height="32" textid="audio_mos_button_retry" textpadding="30,0,30,0" halign="center" margin="0,28,0,0" normaltextcolor="white" bkcolor="audio_report_failed_color" cursortype="hand"/>
		</VBox>
	</VBox>
</Window>