<?xml version="1.0" encoding="UTF-8"?>
<Window size="480,568" caption="0,0,0,34" shadowcorner="10,10,10,10">
	<VBox bkcolor="white" name="box_root" width="480" height="auto">
		<HBox float="true" width="stretch" height="35" mouse="false">
			<Control mouse="false"/>
			<Button class="audio_evaluate_close_btn" name="closebtn" margin="0,12,10,0"/>
		</HBox>
        <!-- title box -->
        <HBox width="auto" height="auto" halign="center" margin="0,32,0,0">
            <Label textid="audio_mos_local" font="system_20" normaltextcolor="black"/>
            <Label name="label_score" font="system_bold_20_600" normaltextcolor="control_theme_color" margin="8,0,0,0"/>
            <Label text="/" font="system_14" normaltextcolor="audio_evaluate_total_score_color" valign="bottom" margin="0,0,0,4"/> 
            <Label text="5" font="system_14" normaltextcolor="audio_evaluate_total_score_color" valign="bottom" margin="0,0,0,3"/> 
        </HBox>
        <Label class="audio_evaluate_subtitle" textid="audio_mos_feedback_title"/>
        <HBox margin="39,8,0,0" height="auto">
            <Option class="audio_evaluate_tag" name="opt_height" textid="audio_mos_feedback_high" dataid="2"/>
            <Option class="audio_evaluate_tag" name="opt_accurate" textid="audio_mos_feedback_exact" dataid="1"/>
            <Option class="audio_evaluate_tag" name="opt_low" textid="audio_mos_feedback_low" dataid="0"/>
        </HBox>
        <Label class="audio_evaluate_subtitle" textid="audio_mos_title"/>
        <Label textid="audio_mos_subtitle" font="system_12" normaltextcolor="audio_evaluate_describe_text_color" margin="39,4,0,0"/>
        <VBox width="stretch" height="auto" margin="0,8,0,0">
            <OptionBox class="audio_evaluate_tag_box" name="optbox_first_lowest" dataid="1" margin="39,0,39,0">
                <Label class="audio_evaluate_tag_box_label" text="1"/>
                <Label class="audio_evaluate_tag_box_label audio_evaluate_tag_box_name_label" name="label_first_lowest_user" text="unknow"/>
                <Label class="audio_evaluate_tag_box_label audio_evaluate_tag_box_score_label" name="label_first_lowset_score" text="/5"/>
            </OptionBox>
            <OptionBox class="audio_evaluate_tag_box" name="optbox_second_lowest" dataid="2">
                <Label class="audio_evaluate_tag_box_label" text="2"/>
                <Label class="audio_evaluate_tag_box_label audio_evaluate_tag_box_name_label" name="label_second_lowest_user" text="unknow"/>
                <Label class="audio_evaluate_tag_box_label audio_evaluate_tag_box_score_label" name="label_second_lowset_score" text="/5"/>
            </OptionBox>
            <OptionBox class="audio_evaluate_tag_box" name="optbox_third_lowest" dataid="3">
                <Label class="audio_evaluate_tag_box_label" text="3"/>
                <Label class="audio_evaluate_tag_box_label audio_evaluate_tag_box_name_label" name="label_third_lowest_user" text="unknow"/>
                <Label class="audio_evaluate_tag_box_label audio_evaluate_tag_box_score_label" name="label_third_lowset_score" text="/5"/>
            </OptionBox>
        </VBox>
        <Label class="audio_evaluate_subtitle" textid="audio_mos_bad_name_title"/>
        <VBox name="box_audio_describe" width="stretch" height="68" margin="39,4,39,0" bordersize="1" bordercolor="audio_evaluate_issue_describe_box_border_normal_color" borderround="2,2">
			<RichEdit name="edit_audio_describe" font="system_bold_12_600" padding="16,8,18,0" margin="1,1,0,1" maxchar="50" multiline="true" autovscroll="true" vscrollbar="true" prompttextid="audio_mos_bad_name" promptcolor="audio_evaluate_describe_text_color" normaltextcolor="audio_evaluate_subtitle_color" wantreturnmsg="true" rich="false"/>
			<Label name="label_audio_describe_count" width="auto" height="auto" margin="0,4,8,4" text="0/50" font="system_bold_10_600" normaltextcolor="audio_evaluate_issue_describe_count_color" halign="right"/>
		</VBox>
		<Button class="audio_eveluate_btn" name="btn_submit" textid="audio_mos_button_submit" margin="0,28,0,34" normaltextcolor="audio_evaluate_tag_text_color"/>
	</VBox>
</Window>