<?xml version="1.0" encoding="utf-8"?>
<Window>
    <VideoBoxMenuMoreHeaderRoot class="videobox_menu_header_root" name="box_menu">
        <HBox class="videobox_menu_element">
            <Control class="videobox_menu_element_control videobox_menu_video_muted" name="menu_video_status"/>
            <Button class="videobox_menu_element_button" name="menu_button_video" textid="peer_invite_open_camera"/>
        </HBox>
        <HBox class="videobox_menu_element">
            <Control class="videobox_menu_element_control videobox_menu_audio_muted" name="menu_audio_status"/>
            <Button class="videobox_menu_element_button" name="menu_button_audio" textid="peer_invite_open_microphone"/>
        </HBox>
        <HBox class="videobox_menu_element">
            <Control class="videobox_menu_element_control videobox_menu_kick" name="menu_kick_status"/>
            <Button class="videobox_menu_element_button" name="menu_button_kick" textid="peer_remove"/>
        </HBox>
    </VideoBoxMenuMoreHeaderRoot>
</Window>