<?xml version="1.0" encoding="UTF-8"?>
<Window>
  <VBox width="280" height="auto" padding="12,8,12,8">
    <HBox width="stretch" height="auto">
      <Label name="label_chat_name" width="160" height="auto" font="caption" normaltextcolor="medium_emphasis_text"/>
      <Control mouse="false" />
      <Button class="btn_control_close white_btn_state" name="btn_chat_close" valign="center" margin="8,0,0,0"/>
    </HBox>
    <RichEdit name="rich_chat_message" width="256" height="auto" font="body2" normaltextcolor="high_emphasis_text" rich="true" readonly="true"
        multiline="true"/>
  </VBox>
</Window>