<?xml version="1.0" encoding="UTF-8"?>
<Window>
    <RoomChatItem name="chat_item" width="stretch" height="auto" halign="right" margin="16,12,16,0">
        <Label name="label_sender_name" font="caption" margin="0,0,0,4" width="160" normaltextcolor="high_emphasis_text"/>
        <HBox name="box_message" width="auto" height="auto" halign="left">
            <Button name="btn_resent" width="14" height="14" margin="0,0,3,0" valign="center" normalimage="../chat/warning.svg" visible="false" cursortype="hand"/>
            <VBox name="box_message_info" width="auto" height="auto" padding="12,6,12,6" borderround="2,2" bkimage="file='../chat/mine_message_shadow.png' corner='5,4,5,6'">
                <RichEdit name="rich_chat_message" font="body2" maxwidth="176" height="auto"
                multiline="true" normaltextcolor="high_emphasis_text" rich="true" readonly="true"/>
            </VBox>
        </HBox>
        <Label name="label_time" font="caption" margin="0,0,5,0" normaltextcolor="medium_emphasis_text" halign="left"/>
    </RoomChatItem>
</Window>