<?xml version="1.0" encoding="UTF-8"?>
<Window shadowcorner="10,10,10,10" shadowattached="true" size="360,443" caption="0,0,0,0">
    <VBox name="box_root" width="360" height="auto" bkcolor="background2">
      <VBox name="box_logout_info" width="stretch" height="auto">
        <HBox class="hbox_account_center" margin="24,24,0,0">
            <Label class="label_account_center" textid="join_room_nickname_title"/>
            <Label class="label_account_center" name="center_nickname" maxwidth="254" margin="12,0,0,0"/>
            <Button name="btn_modify_name" width="auto" height="auto" valign="center" bkimage="icon_write.svg" margin="4,0,0,0" cursortype="hand"/>
        </HBox>
        <Button name="to_login" textid="login_sign_up" font="body2" width="auto" height="auto" halign="center" valign="center" margin="0,12,24,24" normaltextcolor="error" cursortype="hand"/>
      </VBox>
      <VBox name="box_login_info" width="stretch" height="auto">
        <HBox class="hbox_account_center" margin="24,24,24,0">
            <Label class="label_account_center" textid="join_room_nickname_title"/>
            <Label class="label_account_center" name="center_nickname" maxwidth="254" margin="12,0,0,0"/>
            <Button name="btn_modify_name" width="auto" height="auto" valign="center" bkimage="icon_write.svg" margin="4,0,0,0" cursortype="hand"/>
        </HBox>
        <HBox class="hbox_account_center">
            <Label class="label_account_center" textid="profile_avator"/>
            <Control width="stretch" height="stretch" mouse="false"/>
            <AvatarControl class="avatar_account_center" name="avatar" cursortype="hand"/>
            <Button name="btn_set_avatar" width="auto" height="auto" normalimage="icon_arrow_right.svg" margin="8,0,0,0" valign="center" cursortype="hand"/>
        </HBox>
        <HBox class="hbox_account_center">
            <Label class="label_account_center" textid="profile_account"/>
            <Control width="stretch" height="stretch" mouse="false"/>
            <Label class="label_account_center" name="label_account" normaltextcolor="medium_emphasis_text"/>
        </HBox>
        <Control width="stretch" height="1" bkcolor="line_color" margin="24,16,24,0"/>
        <ButtonBox name="check_cloud_recording" width="stretch" height="40" margin="14,6,14,0" normalcolor="btn_normal_color" hotcolor="btn_normal_hot_color" pushedcolor="btn_normal_pushed_color" borderround="2,2" cursortype="hand">
            <Label textid="profile_check_recording" font="body2" halign="left" valign="center" margin="10" normaltextcolor="high_emphasis_text" mouse="false"/>
            <Label name="label_recording" halign="right" font="body2" valign="center" margin="0,0,10,0" normaltextcolor="high_emphasis_text" mouse="false"/>
        </ButtonBox>
        <Control width="stretch" height="1" bkcolor="line_color" margin="24,8,24,0"/>
        <HBox class="hbox_account_center" name="box_bind_wechat">
            <Label class="label_account_center" textid="login_options_a_wechat"/>
            <Label class="label_bind_account" name="label_bind_wechat"/>
            <LoadingTextButton class="loading_btn_account_center" name="wechat_bind"/>
        </HBox>
        <HBox class="hbox_account_center" name="box_bind_wecom">
            <Label class="label_account_center" textid="profile_wecom"/>
            <Label class="label_bind_account" name="label_bind_wecom"/>
            <LoadingTextButton class="loading_btn_account_center" name="agora_bind"/>
        </HBox>
        <Control name="bind_bottom_split_line" width="stretch" height="1" bkcolor="line_color" margin="24,16,24,0"/>
        <HBox class="hbox_account_center">
            <Label class="label_account_center" textid="profile_title_mobile"/>
            <Control width="stretch" height="stretch" mouse="false"/>
            <Button class="label_account_center" name="btn_check" textid="check_button" normaltextcolor="primary" cursortype="hand"/>
        </HBox>
        <HBox width="stretch" height="auto">
            <Control width="stretch" height="stretch"/>
            <LoadingTextButton class="loading_btn_logout" name="sign_out"/>
            <LoadingTextButton class="loading_btn_unregister" name="sign_unregister" visible="false"/>
            <Control width="stretch" height="stretch"/>
        </HBox>
        <PopoverLayer name="popover_layer"/>
      </VBox>
    </VBox>
</Window>