<?xml version="1.0" encoding="UTF-8"?>
<Window shadowcorner="10,10,10,10" shadowattached="true" size="406,600" caption="0,0,0,34">
	<VBox name="box_root" bkcolor="surface">
        <Box width="stretch" height="auto" margin="0,4,0,0">
            <Label class="join_room_label" name="label_create" textid="join_create_room_title"/>
        </Box>
        <RichEditBox class="rich_edit_box" name="box_edit_room_topic" width="342" margin="0,16,0,0">
        </RichEditBox>
        <Box width="stretch" height="20">
            <HBox name="box_abnormal_prompt" width="342" height="stretch" halign="center" visible="false">
                <Control class="join_room_input_tips_icon notabstop"/>
                <Label class="join_room_input_tips notabstop" name="abnormal_prompt" textid="join_create_room_input_error"/>
            </HBox>
        </Box>
         <HBox name="box_set_personal" width="342" height="22" halign="center">
            <CheckBox class="join_room_label" name="set_personal" textid="pmi_title" textpadding="22,0,0,0" normalimage="file='checkbox_normal.svg' dest='0,2,14,16'" selectednormalimage="file='checkbox_selected.svg' dest='0,3,14,17'" cursortype="hand" valign="center"/>
            <Label class="join_room_label" name="label_personal_rid" valign="center" margin="8,-1,0,0" text="6666"/>
            <Control width="auto" height="auto" margin="4" valign="center" bkimage="icon_info.svg" tooltiptextid="pmi_info" cursortype="hand"/>
            <Control />
            <Button class="label_account_center" name="btn_set_personal" textid="pmi_setting" normaltextcolor="primary" cursortype="hand"/>
        </HBox>
        <HBox name="box_enterprise" width="342" height="22" margin="0,4,0,0" halign="center" visible="false">
            <CheckBox class="join_room_label" name="set_enterprise" textid="room_type_check_box" textpadding="22,0,0,0" normalimage="file='checkbox_normal.svg' dest='0,2,14,16'" selectednormalimage="file='checkbox_selected.svg' dest='0,3,14,17'" cursortype="hand" valign="center"/>
            <Control width="auto" height="auto" margin="4" valign="center" bkimage="icon_info.svg" tooltiptextid="room_type_check_box_info" cursortype="hand"/>
        </HBox>
        <Box width="342" height="stretch" bkcolor="main_bkimage" halign="center" margin="0,16,0,0">
            <AvatarControl class="avatar_account_center avatar_preview" name="avatar"/>
            <PreviewBox name="preview_box" width="stretch" height="stretch" bkimage="file='preview_box_bk.svg' source='0,16,342,272'"/>
            <Button name="background" width="auto" height="auto" halign="right" valign="bottom" margin="0,0,9,9" normalimage="icon_set_virtual_bkground_normal.svg" hotimage="icon_set_virtual_bkground_selected.svg" cursortype="hand"/>
        </Box>
        <VBox name="box_room_setting" width="stretch" height="130">
            <HBox width="342" height="stretch" halign="center">
                <Box margin="72,24,0,0" width="64" height="66">
                    <CheckBox class="btn_join_room_media_setting" name="microphone" selectednormalimage="icon_unmute_mic.svg" normalimage="icon_mute_mic.svg"/>
                    <Button class="btn_device_swicth" name="btn_mic_switch" normalimage="btn_devide_switch.svg"/>
                    <Label class="join_room_caption_label notabstop" textid="room_tooltip_microphone" valign="bottom" margin="8"/>
                </Box>
                <Box margin="68,24,0,0" width="64" height="66">
                    <CheckBox class="btn_join_room_media_setting" name="camera" selectednormalimage="icon_unmute_camera.svg" normalimage="icon_mute_camera.svg"/>
                    <Button class="btn_device_swicth" name="btn_mcamera_switch" normalimage="btn_devide_switch.svg"/>
                    <Label class="join_room_caption_label notabstop" textid="room_tooltip_camera" valign="bottom" margin="8"/>
                </Box>
            </HBox>
        </VBox>
        <VBox name="box_virtual_bkground" width="stretch" height="130" visible="false">
            <Label class="join_room_body1_label" textid="virtualbg_title" normaltextcolor="disable_text" margin="32,16,0,0"/>
            <Box width="stretch" height="104" margin="0,-3,0,0">
                <HListBox name="box_virtual_bkground_list" width="stretch" height="stretch" padding="29,0,32,0" childmargin="0" hscrollbar="true">
                	<VirtualBkgroundBox name="add_virtual_bkground_box" virtualbkgroundtype="add" bkimage="file='virtual_bkground_box_add.svg'"/>
					<VirtualBkgroundBox name="remove_background" virtualbkgroundtype="none" bkimage="file='virtual_bkground_box_none.svg'"/>
                </HListBox>
                <Button name="swipe_left" width="auto" height="auto" halign="left" margin="22,31,0,0" cursortype="hand" normalimage="icon_switch_left.svg" visible="false"/>
                <Button name="swipe_right" width="auto" height="auto" halign="right" margin="0,31,22,0" cursortype="hand" normalimage="icon_switch_right.svg" visible="false"/>
            </Box>
        </VBox>
        <LoadingTextButton class="blue_btn" textclass="button2_label" name="create_room" width="342" textid="join_create_room_title" halign="center" visible="true" margin="0,0,0,40"/>
        <HBox float="true" width="stretch" height="35" mouse="false">
			<Control class="notabstop" mouse="false"/>
            <Button class="btn_tools_16x16 notabstop" name="btn_room_setting" margin="4,6,8,0" width="16" height="14" normalimage="file='room_setting.svg'" hotimage="room_setting.svg" pushedimage="room_setting.svg"/>
			<Button class="btn_tools_16x16 btn_close notabstop" name="btn_room_close" margin="4,6,16,0"/>
		</HBox>
		<PopoverLayer name="popover_layer"/>
	</VBox>
</Window>