<?xml version="1.0" encoding="UTF-8"?>
<Window shadowcorner="10,10,10,10" shadowattached="true" size="980,668" caption="0,0,0,34">
	<VBox name="main_root_box">
		<TabBox name="box_tab" fadeswitch="false" selectedid="0">
			<VBox name="box_main" bkcolor="main_bkimage">
				<!-- nonclient control -->
				<HBox width="stretch" height="48">
					<Control class="main_logo" margin="24"/>
					<Label width="auto" height="auto" text="Agora video call" font="title5" normaltextcolor="high_emphasis_text" margin="8,8"/>
					<Control class="notabstop"/>
					<Button class="btn_tools_16x16 btn_form_min" name="minbtn" halign="left" valign="top"/>
					<Button class="btn_tools_16x16 btn_form_close" name="btn_close" halign="left" valign="top"/>
				</HBox>
				<HBox>
					<VBox name="box_home_page">
						<!-- join room box -->
						<VBox width="438" height="592" bkcolor="surface" borderround="2,2" halign="center" padding="48,0,48,0">
							<HBox width="stretch" height="44">
								<Button name="btn_pullup" font="caption" textid="sre_start" valign="center" cursortype="hand" normaltextcolor="error_5" hottextcolor="error_6" visible="false"/>
								<Button name="btn_pullup_arrow" width="16" height="16" valign="center" cursortype="hand" normalimage="file='icon_arrow_right_red.svg' dest='5,3,11,13'" visible="false"/> 
								<Control class="notabstop"/>
								<HBox name="box_swicth_room_node" width="auto" height="stretch">
									<Label width="auto" height="auto" textid="room_type_check_box" font="caption" normaltextcolor="high_emphasis_text" valign="center"/>
									<CheckBox name="chk_room_node" width="33" height="24" margin="6" valign="center" normalimage="file='../settings/beauty_enable_switch_normal.svg'" selectednormalimage="file='../settings/beauty_enable_switch_selected.svg' dest='0,0,30,20'" cursortype="hand"/>
								</HBox>
							</HBox>
							<HBox class="main_input_box" name="main_input_roomname_box">
								<Label class="main_nickname_label notabstop" name="label_ag" text="AG-" width="auto" margin="0,0,4,0" visible="false"/>
								<RichEdit class="main_input" name="edit_room_name" prompttextid="join_room_name_input" maxchar="18"/>
								<Button class="main_btn_delete notabstop" name="btn_delete_roomname"/>
								<FixedButtonCombo class="combo_room_id" name="combo_room_id"/>
							</HBox>
							<Box width="stretch" height="16">
								<HBox name="box_abnormal_prompt" width="stretch" height="stretch" visible="false">
									<Label class="join_room_input_tips notabstop" name="abnormal_prompt" textid="join_input_error"/>
								</HBox>
							</Box>
							<HBox class="main_input_box" name="main_input_password_box" margin="0,0,0,0">
								<RichEdit class="main_input" name="edit_room_password" prompttextid="join_room_password_input" maxchar="18"/>
								<Button class="main_btn_delete notabstop" name="btn_delete_password" visible="false"/>
								<Control class="notabstop" name="password_info" width="auto" height="auto" margin="12,0,4,0" valign="center" mouse="true" cursortype="hand" tooltiptextid="join_room_password_info" normalimage="icon_info.svg"/>
							</HBox>
							<Box width="stretch" height="264" bkcolor="main_bkimage" margin="0,16,0,0">
								<AvatarControl class="avatar_account_center avatar_preview" name="preview_avatar"/>
								<PreviewBox name="preview_box" width="stretch" height="stretch" bkimage="file='preview_box_bk.svg'"/>
								<Button name="background" width="auto" height="auto" halign="right" valign="bottom" margin="0,0,9,9" normalimage="icon_set_virtual_bkground_normal.svg" hotimage="icon_set_virtual_bkground_selected.svg" cursortype="hand"/>
							</Box>
							<VBox name="box_room_setting" width="stretch" height="98">
								<HBox width="stretch" height="stretch">
									<Box margin="72,16,0,0" width="64" height="66">
										<CheckBox class="btn_join_room_media_setting" name="microphone" selectednormalimage="icon_unmute_mic.svg" normalimage="icon_mute_mic.svg"/>
										<Button class="btn_device_swicth" name="btn_mic_switch" normalimage="btn_devide_switch.svg"/>
										<Label class="join_room_caption_label notabstop" width="stretch" textid="room_tooltip_microphone" tooltiptextid="room_tooltip_microphone" valign="bottom" margin="8"/>
									</Box>
									<Box margin="68,16,0,0" width="64" height="66">
										<CheckBox class="btn_join_room_media_setting" name="camera" selectednormalimage="icon_unmute_camera.svg" normalimage="icon_mute_camera.svg"/>
										<Button class="btn_device_swicth" name="btn_mcamera_switch" normalimage="btn_devide_switch.svg"/>
										<Label class="join_room_caption_label notabstop" textid="room_tooltip_camera" valign="bottom" margin="8"/>
									</Box>
								</HBox>
							</VBox>
							<LoadingTextButton class="blue_btn" textclass="button2_label" name="join_room" width="stretch" textid="homepage_join_button"/>
						</VBox>
					</VBox>
					<VBox>
						<VBox name="box_firts_feature_meeting" width="427" height="stretch" visible="false" mouse="false">
							<Control width="stretch" height="stretch"/>
							<VBox height="auto" bkcolor="surface" borderround="2,2" boxshadow="color='room_btn_tools_shadow' offset='2,2' blursize='8' exclude='false'">
								<VBox width="stretch" height="120" bordersize="0,0,0,1" bordercolor="line_color">
									<Control width="auto" height="auto" float="true" margin="43,20,0,0" normalimage="icon_time.svg"/>
									<Control width="auto" height="auto" float="true" halign="right" normalimage="icon_clock.png"/>
									<HBox width="auto" height="auto" margin="126,24,0,0">
										<Label name="label_timer" font="system_40_500" normaltextcolor="high_emphasis_text"/>
										<Label name="label_meridiem_type" font="title1" normaltextcolor="high_emphasis_text" margin="12,0,0,2" valign="bottom" text="AM"/>
									</HBox>
									<Label width="auto" height="auto" font="subtitle1" name="label_date" margin="134,12" normaltextcolor="medium_emphasis_text"/>
								</VBox>
								<VBox width="stretch" height="auto">
									<Label textid="homepage_upcoming" font="title1" normaltextcolor="high_emphasis_text" margin="32,26,0,0"/>
									<HBox width="stretch" height="auto" margin="32,30,32,0">
										<Label name="meeting_title" font="title3" normaltextcolor="high_emphasis_text"/>
										<Control width="stretch" height="stretch"/>
										<Label name="label_period_tip" textid="schedule_recurring_meeting" font="caption" textpadding="8,2,8,2" normaltextcolor="primary" bkcolor="main_bkimage" borderround="2,2"/>
									</HBox>
									<HBox width="auto" height="auto" margin="32,12,0,0">
										<Control width="28" height="28" normalimage="icon_duration.svg"/>
										<Label class="label_meeting_icon_text" name="label_meeting_duration"/>
									</HBox>
									<HBox width="auto" height="auto" margin="32,8,0,0">
										<Control width="28" height="28" normalimage="icon_room_id.svg"/>
										<Label class="label_meeting_icon_text" name="label_meeting_rid"/>
									</HBox>
									<HBox name="box_meeting_creator" width="auto" height="auto" margin="32,8,0,0" visible="false">
										<Control width="28" height="28" normalimage="icon_meeting_creator.svg"/>
										<Label class="label_meeting_icon_text" name="label_meeting_creator"/>
									</HBox>
									<HListBox name="box_members_avatar_list" width="auto" height="38" margin="32,12,0,0">
									</HListBox>
									<HBox width="stretch" height="auto" margin="40,45,0,50">
										<LoadingTextButton name="copy_link" textclass="label_copy_link_text" width="174" height="40" normalcolor="main_bkimage" hotcolor="btn_normal_hot_color" pushedcolor="btn_normal_pushed_color" borderround="2,2" cursortype="hand"/>
										<LoadingTextButton class="blue_btn" textclass="button2_label" textid="homepage_join_button" name="join_meeting" width="174" height="40" margin="8"/>
									</HBox>
								</VBox>
							</VBox>
							<Control width="stretch" height="stretch"/>
						</VBox>
						<VBox name="box_no_meeting" width="stretch" height="stretch" mouse="false">
							<Control width="auto" height="auto" bkimage="no_meeting.png" margin="0,159,21,0" halign="right"/>
						</VBox>
					</VBox>
				</HBox>
				<!-- custom info panel -->
				<VBox name="box_custom_info" float="true" width="auto" height="auto" valign="bottom" halign="right" visible="false" mouse="false" childmargin="8">
					<Label class="notabstop" name="label_custom_contact" width="auto" height="auto" endellipsis="true" normaltextcolor="red" mouse="false"></Label>
					<Label class="notabstop" name="label_custom_buildtime" width="auto" height="auto" endellipsis="true" normaltextcolor="red" mouse="false"></Label>
					<Label class="notabstop" name="label_custom_description" width="auto" height="auto" endellipsis="true" normaltextcolor="red" mouse="false"></Label>
				</VBox>
				<!-- tools bar -->
				<HBox width="auto" height="44" margin="0,48,22,0" halign="right" float="true">
					<Button name="btn_more" width="44" height="44" normalimage="btn_more_normal.svg" hotimage="btn_more_hover.svg" valign="center" cursortype="hand"/>
					<Button name="setting" width="44" height="44" margin="18" normalimage="setting.svg" hotimage="setting_hover.svg" valign="center" cursortype="hand"/>
					<Button class="btn_tools_16x16 signal_44x44 signal_44x44_unknown notabstop" margin="14" name="btn_wifi" valign="center"/>
					<ButtonBox name="account_center" width="auto" height="stretch" cursortype="hand" valign="center" margin="20,0,16,0">
						<AvatarControl class="avatar_account_center" name="account_center_avatar" mouse="false"/>
						<Label name="label_name" width="auto" height="auto" maxwidth="228" font="title3" margin="12,0,0,0" valign="center" mouse="false" normaltextcolor="high_emphasis_text"/>
					</ButtonBox>
				</HBox>
			</VBox>
			<VBox name="box_waiting" bkcolor="main_waiting_bkimage">
				<Control />
				<HBox width="auto" height="auto" childmargin="8" halign="center">
					<Control width="22" height="22" normalimage="icon_waiting.svg" valign="center"/>
					<Label textid="waiting_room_title" font="system_bold_22" normaltextcolor="high_white_emphasis_text" valign="center"/>
				</HBox>
				<Label name="label_waiting_title" font="system_16" margin="0,16,0,0" normaltextcolor="medium_white_emphasis_text" halign="center"/>
				<Control />
				<Button name="btn_waiting_leave" textid="waiting_room_leave" font="system_bold_16" width="310" height="50" cursortype="hand" float="true" halign="center" valign="bottom" margin="0,0,0,100" borderround="2,2" normalcolor="btn_main_leave_color" normaltextcolor="btn_main_levae_text_color"/>
			</VBox>
		</TabBox>
		<LoadingMsgBox name="loading_msg_box"/>
		<PopoverLayer name="popover_layer"/>
	</VBox>
</Window>