<?xml version="1.0" encoding="UTF-8"?>
<Window>
    <VListBox width="136" height="auto" bkcolor="surface" padding="6,6,6,6">
        <MenuElement class="main_more_menu_item" name="book_meeting">
            <Label class="main_more_menu_label" textid="homepage_schedule_button"/>
        </MenuElement>
        <MenuElement class="main_more_menu_item" name="my_event">
            <Label class="main_more_menu_label" textid="homepage_calendar_button"/>
        </MenuElement>
    </VListBox>
</Window>