<?xml version="1.0" encoding="UTF-8"?>
<Window size="270,154" caption="0,0,0,35" shadowcorner="10,10,10,10">
    <VBox name="root" padding="16,16,16,0" bkcolor="surface">
        <Label class="join_room_set_pwd_title" textid="join_passcode_title"/>
        <RichEditBox class="rich_edit_box" name="box_rich_edit" width="stretch" height="32" margin="0,16,0,0">
        </RichEditBox>
        <HBox margin="0,16,0,0">
            <Button class="join_room_set_pwd_btn_cancel" name="cancel" textid="STRING_CANCEL"/>
            <Button class="join_room_set_pwd_btn_ok" name="confirm" textid="STRING_OK" margin="46"/>
        </HBox>
    </VBox>
</Window>