<?xml version="1.0" encoding="UTF-8"?>
<Window size="400,330" caption="0,0,0,35" shadowcorner="10,10,10,10" shadowattached="true">
    <VBox name="root" bkcolor="surface">
        <HBox width="stretch" height="60" bottombordersize="1" bordercolor="line_color" padding="24,0,24,0">
            <Label textid="setting_title_settings" width="auto" height="auto" font="title3" normaltextcolor="on_background" halign="left" valign="center"/>
        </HBox>
        <VBox width="stretch" height="stretch" padding="24,16,24,24">
            <VBox width="stretch" height="auto" childmargin="4">
                <Label font="system_bold_14" width="auto" height="auto" normaltextcolor="high_emphasis_text" textid="normal_setting"/>
                <HBox width="stretch" height="auto" childmargin="12" height="30">
                    <CheckBox class="join_room_label" name="chk_normal_password" textid="normal_setting_password" textpadding="22,0,0,0" normalimage="file='checkbox_normal.svg' dest='0,3,14,17'" selectednormalimage="file='checkbox_selected.svg' dest='0,3,14,17'" cursortype="hand" valign="center"/>
                    <RichEditBox class="rich_edit_box" name="editbox_normal_password" width="stretch" height="30" visible="false"/>
                </HBox>
            </VBox>
            <VBox name="box_room_set_persion" width="stretch" height="auto" childmargin="4" margin="0,14,0,0">
                <Label font="system_bold_14" width="auto" height="auto" normaltextcolor="high_emphasis_text" textid="pmi_setting"/>
                <HBox width="stretch" height="auto" childmargin="12" height="30">
                    <CheckBox class="join_room_label" name="chk_personal_password" textid="pmi_setting_password" textpadding="22,0,0,0" normalimage="file='checkbox_normal.svg' dest='0,3,14,17'" selectednormalimage="file='checkbox_selected.svg' dest='0,3,14,17'" cursortype="hand" valign="center"/>
                    <RichEditBox class="rich_edit_box" name="editbox_personal_password" width="stretch" height="30" visible="false"/>
                </HBox>
            </VBox>
            <Control />
            <HBox margin="0,16,0,0" width="stretch" height="auto">
                <Control />
                <Button class="join_room_set_pwd_btn_cancel" name="cancel" textid="STRING_CANCEL"/>
                <LoadingTextButton class="blue_btn" textclass="join_room_set_pwd_btn_save" width="96" height="36" name="save" textid="STRING_SAVE" margin="16,0,0,0"/>
            </HBox>
        </VBox>
        <PopoverLayer name="popover_layer"/>
    </VBox>
</Window>