<?xml version="1.0" encoding="UTF-8"?>
<Window size="270,153" caption="0,0,0,34" shadowcorner="10,10,10,10" shadowattached="true">
    <VBox bkcolor="surface" width="stretch" height="stretch">
        <Label class="label_account_center" font="body1" textid="nickname_title" margin="16,16,0,0"/>
        <RichEdit class="rich_edit_box_content" name="edit_name" width="240" height="32" margin="16,16,0,0" prompttextid="nickname_title" bordersize="0,0,0,1" bordercolor="line_color"/>
        <HBox margin="16,22,16,0" width="stretch" height="auto">
            <Button class="join_room_set_pwd_btn_cancel" name="cancel" textid="STRING_CANCEL"/>
            <Control />
            <LoadingTextButton class="blue_btn" textclass="join_room_set_pwd_btn_save" width="96" height="36" name="btn_ok" textid="STRING_OK"/>
        </HBox>
    </VBox>
</Window>