<?xml version="1.0" encoding="UTF-8"?>
<Window shadowcorner="10,10,10,10" shadowattached="true" size="400,196" caption="0,0,0,34">
	<VBox name="box_root" width="400" height="auto" bkcolor="fill_1">
		<Label width="auto" height="auto" textid="crash_detection_title" font="title3" normaltextcolor="text_5" margin="24,15,24,0" singleline="false" maxwidth="stretch"/>
		<Control width="stretch" height="1" margin="0,17,0,0" bkcolor="line_2"/>
		<Label width="auto" height="auto" textid="crash_detection_describe" font="body2" normaltextcolor="text_5" margin="24,24,24,0" singleline="false" maxwidth="stretch"/>
		<HBox height="auto" width="auto" margin="0,40,24,16" halign="right">
			<Button class="btn_gray_text" name="btn_crash_report_cancle" textid="cancel_button" font="body2"/>
			<Button class="btn_blue_text" name="btn_crash_report_log" textid="upload_log_button" font="body2" margin="12" loadingimage="./public/animation/loading_white.svg"/>
		</HBox>
	</VBox>
</Window>