<?xml version="1.0" encoding="utf-8"?>
<Window>
	<Box class="room_videobox_root" mouse="true">
		<!--foreground box-->
		<VBox class="room_videobox_foreground" name="box_foreground" mouse="false">
			<Control mouse="false"/>
			<AvatarControl class="room_videobox_smile" name="control_avatar" mouse="false"/>
			<Control mouse="false"/>
		</VBox>
		<WaterMarkControl name="control_water_mark" width="0" height="0" float="true" halign="center" valign="center" normaltextcolor="screenshare_watermark_text_color" font="system_12_400" columnspace="200" linespace="100" angle="-20" visible="false"/>
		<!--left control box-->
		<VBox class="room_videobox_control_left" name="box_control_left" visible="false" mouse="false">
			<Control class="room_videobox_state room_videobox_state_screenshare" name="control_screenshare"/>
			<Box name="box_audio" width="auto" height="auto" valign="center" halign="center">
				<Control class="room_videobox_state room_videobox_state_audio" name="control_audio"/>
				<AudioProgress class="room_videobox_audio_progress" name="progress_audio" value="30"/>
			</Box>
			<Control class="room_videobox_state room_videobox_state_quality" name="control_quality"/>
		</VBox>
		<!--right control box-->
		<VBox class="room_videobox_control_right" name="box_control_right" visible="false" mouse="false">
			<Button class="room_videobox_btn_more" name="btn_more"/>
		</VBox>
		<!--bottom control box-->
		<HBox class="room_videobox_control_bottom" name="box_control_bottom" visible="false" mouse="false">
			<Label class="room_videobox_title" width="auto" maxwidth="118" name="label_title"/>
		</HBox>
		<!--bottom control box major-->
		<HBox class="room_videobox_control_bottom_major" name="box_control_bottom_major" visible="false" mouse="false">
			<Label class="room_videobox_title" name="label_title"/>
			<HBox width="auto" childmargin="8" mouse="false">
				<Control class="room_videobox_state room_videobox_state_screenshare" name="control_screenshare"/>
				<Box name="box_audio" width="auto" height="auto" valign="center" halign="center">
					<Control class="room_videobox_state room_videobox_state_audio" name="control_audio"/>
					<AudioProgress class="room_videobox_audio_progress" name="progress_audio" value="30"/>
				</Box>
				<Control class="room_videobox_state room_videobox_state_quality" name="control_quality"/>
			</HBox>
			<HBox width="30" mouse="false" margin="8">
				<Button class="room_videobox_btn_more" name="btn_more"/>
			</HBox>
		</HBox>
		<VBox name="box_media_statics" width="auto" height="auto" margin="8,40,0,0" childmargin="8" float="true" visible="false" mouse="false">
			<Label class="room_videobox_media_label" name="label_volume" text="volume: 0"/>
		</VBox>
	</Box>
</Window>