<?xml version="1.0" encoding="utf-8"?>
<Window>
	<VListBox class="menu">
		<MenuElement class="room_videobox_menu_element" name="menu_video" width="auto">
			<Button class="room_videobox_menu room_videobox_menu_video_muted" name="menu_video_state"/>
			<Label class="room_videobox_menu_text" name="menu_video_text" textid="peer_invite_open_camera"/>
		</MenuElement>
		<MenuElement class="room_videobox_menu_element" name="menu_audio" width="auto">
			<Button class="room_videobox_menu room_videobox_menu_audio_muted" name="menu_audio_state"/>
			<Label class="room_videobox_menu_text" name="menu_audio_text" textid="peer_invite_open_microphone"/>
		</MenuElement>
		<MenuElement class="room_videobox_menu_element" name="menu_kick" width="auto">
			<Button class="room_videobox_menu room_videobox_menu_kick"/>
			<Label class="room_videobox_menu_text" textid="peer_remove"/>
		</MenuElement>
	</VListBox>
</Window>